sysnum,title
001316031,Fredensborg. Det danske Kongehus og dets Slægt. Med Bidrag af danske og fremmede Forfattere og Kunstnere
000209482,"[Sonnets. By E. B. B. [i.e. Elizabeth Barrett Browning.] [Purporting to be the first edition of “Sonnets from the Portuguese,” first published in the 1850 edition of “Poems.”]]"
000129010,"Hyde Park from Domesday-Book to date, etc"
003821060,"The Forgotten Isles. Impressions of travel in the Balearic Isles, Corsica, and Sardinia. Rendered into English by F. Breton. With ... illustrations by the author"
001506560,"The Great Rift Valley. Being the narrative of a journey to Mount Kenya and Lake Baringo. With some account of the geology, natural history, anthropology, and future prospects of British East Africa ... With maps and illustrations"
000489690,[A Treatise on Mine-surveying ... With ... diagrams.]
003775837,"У Болгаръ и заграницей, 1881-1893 ... Продолженіе очерковъ “Дома и на Войнѣ” ... Изданіе второе"
000209253,Battles and Battlefields in England ... Illustrated by the author. With an introduction by H. D. Traill
000364223,[Black's Guide to the Isle of Man.]
001644661,"Kulturgeschichte ... Vierte Auflage. Neu bearbeitet von M. von Brandt [and others], etc"
002535575,Les Châteaux suisses. Anciennes anecdotes et chroniques. Nouvelle édition. Illustrations de H. Van Muyden. [With a portrait.]
000015283,[The Growth of the French Nation.]
002581303,Onze Gouden Eeuw. De Republiek der Vereenigde Nederlanden in haar bloeitijd ... Geïllustreerd onder toezicht van J. H. W. Unger
003605161,Ballads and Songs ... With original illustrations by H. M. Brock
000209253,Battles and Battlefields in England ... Illustrated by the author. With an introduction by H. D. Traill
002212432,"Tourist guide to the Lofoten Islands, Raftsund ... and through the most picturesque fjords to Tromsø, etc. (Reise-Handbuch für Reisen in Lofoten, etc.) Eng. and Ger"
000209253,Battles and Battlefields in England ... Illustrated by the author. With an introduction by H. D. Traill
002581303,Onze Gouden Eeuw. De Republiek der Vereenigde Nederlanden in haar bloeitijd ... Geïllustreerd onder toezicht van J. H. W. Unger
002069499,"The Scales of Heaven: poems, narrative, legendary, and meditative, with a few sonnets"
001470127,Au bas pay du Limosin. Études et tableaux
003344036,Robert Urquhart. [A novel.]
002599224,Изъ исторіи Москвы. 1147-1703. Очерки. Съ 212 рисунками. [By] В. Н. [i.e. by V. Nazarevsky.]
001745619,A History of Rome to the death of Cæsar
002976927,Every-day Characters ... Illustrated by C. Aldin
000115608,“The Cobbler o' Kirkiebrae.” A romance of Galloway
003757808,Baranya multja és jelenje. [With illustrations and a map.]
003605161,Ballads and Songs ... With original illustrations by H. M. Brock
002386709,"The City of Gold. A tale of sport, ... travel, and adventure in the heart of the Dark Continent. With illustrations by H. Piffard"
000492169,[A History of Nottinghamshire.]
001554950,"Schleswig-Holstein meerumschlungen in Wort und Bild ... Herausgegeben von H. Haas, H. Krumm und F. Stoltenberg, etc"
000907750,"L'Allemagne, 1789-1810. Fin de l'ancienne Allemagne. [With illustrations.]"
002054014,Geschichte der Stadt Konstanz und ihrer nächsten Umgebung
001939511,The Music of the Poets. A Musician's Birthday Book. Edited by E. d'Esterre-Keeling
002903060,"A Treatise on Ore Deposits ... Second edition, rewritten and greatly enlarged by H. Louis, etc"
001993778,"Memorie per la storia della Liburnica, città di Fiume, etc"
002581303,Onze Gouden Eeuw. De Republiek der Vereenigde Nederlanden in haar bloeitijd ... Geïllustreerd onder toezicht van J. H. W. Unger
003523089,"Chronicles of Strathearn. With illustrations by W. B. Macdougall, etc"
003159008,The Metallurgy of Gold ... Second edition
003743042,"Badauderies parisiennes. Les Rassemblements: physiologies de la rue ... [Edited with a] prologue par O. Uzanne, etc"
003757808,Baranya multja és jelenje. [With illustrations and a map.]
002943020,A Mixed World. A novel
002784658,Notes in Japan ... With illustrations by the author
003537490,The Poems of Sir John Suckling. (Edited by John Gray and decorated by C. Ricketts.)
001553747,"Appendix to the Twelfth Edition of the Pilot's Handbook for the English Channel [by J. W. King]; giving the latest changes in Lights and Buoys, to November, 1896. [The preface is signed: T. A. H., i.e. T. A. Hull.]"
003058557,"Reed's tables of distances between ports in all parts of the world. Seventh edition, etc"
000015282,The Growth of the French Nation
001554950,"Schleswig-Holstein meerumschlungen in Wort und Bild ... Herausgegeben von H. Haas, H. Krumm und F. Stoltenberg, etc"
001308646,Nama und Damara. Deutsch Süd-West-Afrika
003561238,"The Coronation Cruise of the “Midnight Sun” to Russia, Whitsuntide, 1896. A record"
001712958,"The Evolution of a Wife. A romance, etc"
002300886,"A Book of Old English Ballads. With an accompaniment of decorative drawings by G. W. Edwards, and an introduction by H. W. Mabie"
001656304,"[The Bravest of the Brave: or, With Peterborough in Spain. ... With ... illustrations, etc.]"
002427500,The Husband of Poverty. A drama [in five acts and in verse] of the life of Francis of Assisi
000495563,[The Story of Africa and its Explorers. [With plates and maps.]]
002117312,How Dick and Molly saw England ... With illustrations
003664363,The Final War. A story of the Great Betrayed ... Illustrated by E. F. Sherie
001384296,"[Outlines of Geology ... Second edition revised, etc.]"
001554950,"Schleswig-Holstein meerumschlungen in Wort und Bild ... Herausgegeben von H. Haas, H. Krumm und F. Stoltenberg, etc"
000433666,The Century of Louis XIV. Its arts-its ideas. From the French ... by Mrs. Cashel Hoey. [With plates.]
001567835,"The Half Hour Library of Travel, Nature and Science for young readers"
001514854,Saunterings in Florence. A new artistic and practical hand-book for English and American tourists. With one hundred illustrations and maps
000371673,"Taking a Stand, etc"
000034575,Sedbergh School Songs. Written and illustrated by R. St. J. Ainslie
003501199,[A Child's Garden of Verses ... Second edition.]
001745619,A History of Rome to the death of Cæsar
001316031,Fredensborg. Det danske Kongehus og dets Slægt. Med Bidrag af danske og fremmede Forfattere og Kunstnere
001656304,"[The Bravest of the Brave: or, With Peterborough in Spain. ... With ... illustrations, etc.]"
001240452,Die Hunnen im schweizerischen Eifischthale und ihre Nachkommen bis auf die heutige Zeit ... Mit vielen ... Illustrationen
001644661,"Kulturgeschichte ... Vierte Auflage. Neu bearbeitet von M. von Brandt [and others], etc"
003605161,Ballads and Songs ... With original illustrations by H. M. Brock
000079514,"The Town and City of Waterbury, Connecticut, from the aboriginal period to the year eighteen hundred and ninety-five"
000364223,[Black's Guide to the Isle of Man.]
001384296,"[Outlines of Geology ... Second edition revised, etc.]"
002491871,"Personal Recollections and Observations of General Nelson A. Miles, embracing a brief view of the civil war ... and the story of his Indian campaigns ... Copiously illustrated ... by F. Remington, etc"
000209482,"[Sonnets. By E. B. B. [i.e. Elizabeth Barrett Browning.] [Purporting to be the first edition of “Sonnets from the Portuguese,” first published in the 1850 edition of “Poems.”]]"
002782859,New Wheels in Old Ruts. A pilgrimage to Canterbury via the ancient pilgrim's way ... With pen and ink sketches by F. W. R. Adams
000034575,Sedbergh School Songs. Written and illustrated by R. St. J. Ainslie
002054014,Geschichte der Stadt Konstanz und ihrer nächsten Umgebung
000369579,Anthony Blake's Experiment. [A novel. By Alice O'Brien.]
000598049,"[Illustrated Official Handbook of the Cape and South Africa. A résumé of the history, conditions, populations, productions, and resources of the several colonies, states, and territories. Edited by John Noble. [With a map.]]"
000209253,Battles and Battlefields in England ... Illustrated by the author. With an introduction by H. D. Traill
001644661,"Kulturgeschichte ... Vierte Auflage. Neu bearbeitet von M. von Brandt [and others], etc"
000034575,Sedbergh School Songs. Written and illustrated by R. St. J. Ainslie
002746680,Essai historique sur Châteauneuf en Brionnais ou Chatellenie Royale sur les bords du Sornin. [With illustrations.]
003121708,"Paris de siècle en siècle. Le cœur de Paris, splendeurs et souvenirs. Texte, dessins et lithographes par A. Robida"
001495840,The Official Guide to the Great Western Railway ... Abridged and popular edition. Illustrated
001820978,The Alhambra ... With an introduction by E. R. Pennell. Illustrated with drawings of the places mentioned by J. Pennell
002293129,"The Student's Lyell. A manual of elementary geology. Edited by J. W. Judd. With ... illustrations, etc"
002491871,"Personal Recollections and Observations of General Nelson A. Miles, embracing a brief view of the civil war ... and the story of his Indian campaigns ... Copiously illustrated ... by F. Remington, etc"
002558919,"Mercantile Manchester, past and present ... With ... illustrations"
003057425,"Petroleum: a treatise on the geographical distribution and geological occurrence of petroleum and natural gas ... By B. Redwood, assisted by G. T. Holloway, and other contributors ... With maps, etc"
001200964,"Musa Pedestris: three centuries of canting songs and slang rhymes, etc"
002293129,"The Student's Lyell. A manual of elementary geology. Edited by J. W. Judd. With ... illustrations, etc"
002558919,"Mercantile Manchester, past and present ... With ... illustrations"
000207740,Revenge! etc. [Short stories.]
002090702,Napoléon et la disette de 1812. A propos d'une émeute aux Halles de Caen
003468096,Selbsterlebtes in Ostafrika ... Illustriert von Maler R. Hellgrewe. Mit zwei ... Übersichtskarten
000433665,"Le Grand siècle. Louis XIV. Les arts, les idées, etc. [With plates.]"
003829292,La France aux colonies
001240452,Die Hunnen im schweizerischen Eifischthale und ihre Nachkommen bis auf die heutige Zeit ... Mit vielen ... Illustrationen
003430223,"The Web of an old Weaver, etc"
000145189,[Cousin Geoffrey and I ... With ... illustrations by W. Parkinson.]
000364223,[Black's Guide to the Isle of Man.]
002293129,"The Student's Lyell. A manual of elementary geology. Edited by J. W. Judd. With ... illustrations, etc"
003057425,"Petroleum: a treatise on the geographical distribution and geological occurrence of petroleum and natural gas ... By B. Redwood, assisted by G. T. Holloway, and other contributors ... With maps, etc"
002293129,"The Student's Lyell. A manual of elementary geology. Edited by J. W. Judd. With ... illustrations, etc"
001034471,He went out with the Tide. [A novel.]
001820978,The Alhambra ... With an introduction by E. R. Pennell. Illustrated with drawings of the places mentioned by J. Pennell
002293129,"The Student's Lyell. A manual of elementary geology. Edited by J. W. Judd. With ... illustrations, etc"
003159008,The Metallurgy of Gold ... Second edition
003253482,"Jeanne d'Arc et la Normandie au XVme siècle. Illustrations, etc"
001567835,"The Half Hour Library of Travel, Nature and Science for young readers"
000350706,Anteckningar fran Italien af en svensk diplomat. [With plates.]
001656304,"[The Bravest of the Brave: or, With Peterborough in Spain. ... With ... illustrations, etc.]"
000410925,"[De Paris au Tonkin à travers le Tibet inconnu. Ouvrage contenant une carte ... et cent huit illustrations, etc.]"
000369579,Anthony Blake's Experiment. [A novel. By Alice O'Brien.]
000760332,"History of Concord, New Hampshire, from the original grant in seventeen hundred and twenty-five to the opening of the twentieth century. Prepared under the supervision of the City History Commission. James O. Lyford, editor"
001554950,"Schleswig-Holstein meerumschlungen in Wort und Bild ... Herausgegeben von H. Haas, H. Krumm und F. Stoltenberg, etc"
000403057,"Gazetteer of the Bombay Presidency. [Edited by Sir James M. Campbell. General index, by R. E. Enthoven.]"
001704007,"Genom Sveriges Bygder. Skildringar af vårt land och folk ... Tredje upplagan, genomsedd och tillökad af J. P. Velander. Med 545 illustrationer"
001644661,"Kulturgeschichte ... Vierte Auflage. Neu bearbeitet von M. von Brandt [and others], etc"
002117312,How Dick and Molly saw England ... With illustrations
002415000,"The Struggle of the Nations. Egypt, Syria, and Assyria ... Edited by A. H. Sayce. Translated by M. L. McClure. With map ... and ... illustrations"
003561238,"The Coronation Cruise of the “Midnight Sun” to Russia, Whitsuntide, 1896. A record"
002736641,"West Dene Manor, etc. [A story.]"
000015282,The Growth of the French Nation
003775837,"У Болгаръ и заграницей, 1881-1893 ... Продолженіе очерковъ “Дома и на Войнѣ” ... Изданіе второе"
003159008,The Metallurgy of Gold ... Second edition
003253482,"Jeanne d'Arc et la Normandie au XVme siècle. Illustrations, etc"
002390844,The Novels of Captain Marryat. Edited by R. Brimley Johnson. L.P
000495563,[The Story of Africa and its Explorers. [With plates and maps.]]
001352199,Songs for Little People. [With illustrations by H. Stratton.]
002958410,Spicuirĭ din trecutul t̡ĕrilor române cu privire la viat̡a s̡i suferint̡ele poporuluĭ de la sate
000498737,"Gerald Thurlow; or, the New marshal. A story of California, etc"
001583657,"Études historiques et géographiques ... Ouvrage contenant 10 cartes hors texte, etc"
003194598,The edge of the Orient
000433666,The Century of Louis XIV. Its arts-its ideas. From the French ... by Mrs. Cashel Hoey. [With plates.]
000658681,Through Jungle and Desert. Travels in Eastern Africa ... With illustrations from photographs taken by the author and maps. [With a portrait.]
001554950,"Schleswig-Holstein meerumschlungen in Wort und Bild ... Herausgegeben von H. Haas, H. Krumm und F. Stoltenberg, etc"
003501199,[A Child's Garden of Verses ... Second edition.]
000433665,"Le Grand siècle. Louis XIV. Les arts, les idées, etc. [With plates.]"
001910294,The Growth of the American Nation
001384296,"[Outlines of Geology ... Second edition revised, etc.]"
000403057,"Gazetteer of the Bombay Presidency. [Edited by Sir James M. Campbell. General index, by R. E. Enthoven.]"
001495840,The Official Guide to the Great Western Railway ... Abridged and popular edition. Illustrated
003757808,Baranya multja és jelenje. [With illustrations and a map.]
000369579,Anthony Blake's Experiment. [A novel. By Alice O'Brien.]
002893249,Napoléon et son temps ... Ouvrage illustré ... Neuvième mille
003057425,"Petroleum: a treatise on the geographical distribution and geological occurrence of petroleum and natural gas ... By B. Redwood, assisted by G. T. Holloway, and other contributors ... With maps, etc"
000520363,Deutsch-Südwestafrika. Drei Jahre im Lande Hendrik Witboois. Schilderungen von Land und Leuten ... Mit zahlreichen Abbildungen ... und zwei Karten
002599224,Изъ исторіи Москвы. 1147-1703. Очерки. Съ 212 рисунками. [By] В. Н. [i.e. by V. Nazarevsky.]
001554950,"Schleswig-Holstein meerumschlungen in Wort und Bild ... Herausgegeben von H. Haas, H. Krumm und F. Stoltenberg, etc"
001059442,"The People's Standard History of the United States from the landing of the Norsemen to the present time. By E. S. Ellis ... Assisted by, with introduction, annotations, lists of authorities, etc., G. M. Adam"
000489690,[A Treatise on Mine-surveying ... With ... diagrams.]
000015282,The Growth of the French Nation
001384296,"[Outlines of Geology ... Second edition revised, etc.]"
003253482,"Jeanne d'Arc et la Normandie au XVme siècle. Illustrations, etc"
003822117,The Story of a Fool and his Folly
001967178,Trooper Ross and Vignal Butte. [A tale.]
000115982,"[Old Caleb's Will: or, the Fortunes of the Cardew family.]"
002903060,"A Treatise on Ore Deposits ... Second edition, rewritten and greatly enlarged by H. Louis, etc"
002368499,The Household of Sir Thos. More. With an introduction by W. H. Hutton and ... illustrations by J. Jellicoe and H. Railton
001567835,"The Half Hour Library of Travel, Nature and Science for young readers"
003265383,"The Township of Scarboro, 1796-1896. Edited by David Boyle. [With plates.]"
003501199,[A Child's Garden of Verses ... Second edition.]
000832719,"Manningham, Heaton, and Allerton, townships of Bradford, treated historically and topographically. [With plates.]"
002117312,How Dick and Molly saw England ... With illustrations
001970021,Westward Ho! ... With illustrations by C. E. Brock
000115608,“The Cobbler o' Kirkiebrae.” A romance of Galloway
002441052,Catalina: Art Student ... With eight illustrations
000119124,East and West. Being papers reprinted from the “Daily Telegraph” and other sources ... With ... illustrations by R. T. Pritchett
003420096,"Strathendrick and its Inhabitants from early times. An account of the parishes of Fintry, Balfron, Killearn, Drymen, Buchanan, and Kilmaronock. [With illustrations.] (Memoir of the author, by C. D. Donald.)"
003159008,The Metallurgy of Gold ... Second edition
002804029,Eli's Daughter. [A novel.]
003822117,The Story of a Fool and his Folly
001611278,"The Shannon and its Lakes; or, a short history of that noble stream from its source to Limerick"
001506560,"The Great Rift Valley. Being the narrative of a journey to Mount Kenya and Lake Baringo. With some account of the geology, natural history, anthropology, and future prospects of British East Africa ... With maps and illustrations"
001701575,"A Short History of the Borough of Sudbury ... Compiled from materials collected by W. W. Hodson, by C. F. D. Sperling. [With illustrations.]"
003501199,[A Child's Garden of Verses ... Second edition.]
001704007,"Genom Sveriges Bygder. Skildringar af vårt land och folk ... Tredje upplagan, genomsedd och tillökad af J. P. Velander. Med 545 illustrationer"
002686114,"Chez les Abarambos. Ce que devient l'Afrique mystérieuse, etc"
003485095,Never Give In. A tale of the life and times of Gustavus Adolphus
001554950,"Schleswig-Holstein meerumschlungen in Wort und Bild ... Herausgegeben von H. Haas, H. Krumm und F. Stoltenberg, etc"
002293129,"The Student's Lyell. A manual of elementary geology. Edited by J. W. Judd. With ... illustrations, etc"
003605161,Ballads and Songs ... With original illustrations by H. M. Brock
000209253,Battles and Battlefields in England ... Illustrated by the author. With an introduction by H. D. Traill
002293129,"The Student's Lyell. A manual of elementary geology. Edited by J. W. Judd. With ... illustrations, etc"
003443692,Kjøbenhavns Belejring og Fyens Gjenerobring ... 1658-59. Efter Forfatterens Død samlede af P. Fr. Rist og H. w. Harbou
002486743,The Official Guide to the Midland Railway ... Abridged and popular edition. Illustrated
003159008,The Metallurgy of Gold ... Second edition
003324299,"Études historiques sur Raucourt et Haraucourt et la région avoisinante, etc"
001656304,"[The Bravest of the Brave: or, With Peterborough in Spain. ... With ... illustrations, etc.]"
001144078,"Conquest of the Country Northwest of the River Ohio, 1778-1783, and life of Gen. George Rogers Clark. Over one hundred and twenty-five illustrations. With numerous sketches of men who served under Clark, etc"
001554950,"Schleswig-Holstein meerumschlungen in Wort und Bild ... Herausgegeben von H. Haas, H. Krumm und F. Stoltenberg, etc"
001567835,"The Half Hour Library of Travel, Nature and Science for young readers"
001668893,"Amyas Egerton, Cavalier. [A romance.]"
003821060,"The Forgotten Isles. Impressions of travel in the Balearic Isles, Corsica, and Sardinia. Rendered into English by F. Breton. With ... illustrations by the author"
003501199,[A Child's Garden of Verses ... Second edition.]
000487642,The Century Book of Famous Americans. The story of a young people's pilgrimage to historic homes. With ... illustrations
002300588,"Afrikanische Frühlings-italienische Sommer-Tage. Federskizzen eines Touristen über Algier, Tunis, Sicilien, Capri, etc"
001567835,"The Half Hour Library of Travel, Nature and Science for young readers"
003057425,"Petroleum: a treatise on the geographical distribution and geological occurrence of petroleum and natural gas ... By B. Redwood, assisted by G. T. Holloway, and other contributors ... With maps, etc"
002500254,[Milne's Express Series.]
002784658,Notes in Japan ... With illustrations by the author
002293129,"The Student's Lyell. A manual of elementary geology. Edited by J. W. Judd. With ... illustrations, etc"
001352199,Songs for Little People. [With illustrations by H. Stratton.]
001567835,"The Half Hour Library of Travel, Nature and Science for young readers"
001554950,"Schleswig-Holstein meerumschlungen in Wort und Bild ... Herausgegeben von H. Haas, H. Krumm und F. Stoltenberg, etc"
000489690,[A Treatise on Mine-surveying ... With ... diagrams.]
000433665,"Le Grand siècle. Louis XIV. Les arts, les idées, etc. [With plates.]"
003375787,The Burman ... By Shway Yoe
003257008,A Noble Wife. A novel
000383667,[A Charge to Keep.]
000115608,“The Cobbler o' Kirkiebrae.” A romance of Galloway
002536380,Worth While. (Lady Jane.) [Tales.]
001283481,"The Milwaukee Guide, containing a general description of the city of Milwaukee ... a map, etc"
001554950,"Schleswig-Holstein meerumschlungen in Wort und Bild ... Herausgegeben von H. Haas, H. Krumm und F. Stoltenberg, etc"
000489690,[A Treatise on Mine-surveying ... With ... diagrams.]
003886316,Travel-Pictures from Palestine ... Illustrated by A. Twidle
000495563,[The Story of Africa and its Explorers. [With plates and maps.]]
001910294,The Growth of the American Nation
002293129,"The Student's Lyell. A manual of elementary geology. Edited by J. W. Judd. With ... illustrations, etc"
002643019,"Rhymes of the States. With drawings, etc"
003180149,"Djin-Djin, the Japanese Bogie Man, etc. (Christmas pantomime.)"
003537490,The Poems of Sir John Suckling. (Edited by John Gray and decorated by C. Ricketts.)
002373077,“Nobly Planned.” [A tale.]
000108005,By a Winding Path. [A novel.]
000433666,The Century of Louis XIV. Its arts-its ideas. From the French ... by Mrs. Cashel Hoey. [With plates.]
003757808,Baranya multja és jelenje. [With illustrations and a map.]
003344033,The Child World. [In verse.] ... Illustrated by C. Robinson
002736641,"West Dene Manor, etc. [A story.]"
002293129,"The Student's Lyell. A manual of elementary geology. Edited by J. W. Judd. With ... illustrations, etc"
003581310,Elementary Physical Geography
003775837,"У Болгаръ и заграницей, 1881-1893 ... Продолженіе очерковъ “Дома и на Войнѣ” ... Изданіе второе"
002293129,"The Student's Lyell. A manual of elementary geology. Edited by J. W. Judd. With ... illustrations, etc"
000455624,"The Metallic Alloys. A practical guide for the manufacture of all kinds of alloys, amalgams, and solders ... New, revised and enlarged edition"
000149918,Poetical Works of Autremonde. With The Leaven of Hamelin: a drama of 1990
002293129,"The Student's Lyell. A manual of elementary geology. Edited by J. W. Judd. With ... illustrations, etc"
002512059,"Country Stories, etc"
000108005,By a Winding Path. [A novel.]
003537490,The Poems of Sir John Suckling. (Edited by John Gray and decorated by C. Ricketts.)
001668962,A short history of Colmer and Priors Dean ... Taken from the larger edition. [Illustrated.]
002293129,"The Student's Lyell. A manual of elementary geology. Edited by J. W. Judd. With ... illustrations, etc"
001726694,The Haunted House ... Illustrated by H. Railton. With an introduction by Austin Dobson
003581310,Elementary Physical Geography
002500254,[Milne's Express Series.]
003253482,"Jeanne d'Arc et la Normandie au XVme siècle. Illustrations, etc"
000571275,"The Way about Herefordshire ... Written by C. Caldicott and illustrated by C. Caldicott and A. E. Caldicott. With a comprehensive county gazetteer, edited by A. Baines. (2nd edition.)"
000433666,The Century of Louis XIV. Its arts-its ideas. From the French ... by Mrs. Cashel Hoey. [With plates.]
001006231,His Honour and a Lady
000129010,"Hyde Park from Domesday-Book to date, etc"
002293129,"The Student's Lyell. A manual of elementary geology. Edited by J. W. Judd. With ... illustrations, etc"
001656017,The Story of a Trip to Switzerland of Seven Birmingham Men ... Supplemented in verse by an old friend. Illustrated. [With portraits.]
003922712,"Camping in the Canadian Rockies ... With ... a sketch of the early explorations ... With ... illustrations, etc"
003936726,"Lyrics of Lincoln's Inn, etc"
001384296,"[Outlines of Geology ... Second edition revised, etc.]"
001144078,"Conquest of the Country Northwest of the River Ohio, 1778-1783, and life of Gen. George Rogers Clark. Over one hundred and twenty-five illustrations. With numerous sketches of men who served under Clark, etc"
003968111,[Oswald Cray.]
002452889,Die Lage des steirischen Unterthanenstandes seit Beginn der neueren Zeit bis in die Mitte des 17 Jahrhunderts
003501199,[A Child's Garden of Verses ... Second edition.]
000115608,“The Cobbler o' Kirkiebrae.” A romance of Galloway
000015282,The Growth of the French Nation
002300886,"A Book of Old English Ballads. With an accompaniment of decorative drawings by G. W. Edwards, and an introduction by H. W. Mabie"
002151945,Frank and Esther. A Polish Jewish romance
000601544,A travers la Bosnie et l'Herzégovine. Études et impressions de voyage. [With plates and a map.]
002478949,"[A Perilous Venture; or, the Days of Mary of Burgundy. Translated from the German [“Teuerdank's Brautfahrt”] by M. Hall, etc.]"
001644661,"Kulturgeschichte ... Vierte Auflage. Neu bearbeitet von M. von Brandt [and others], etc"
003829292,La France aux colonies
003537490,The Poems of Sir John Suckling. (Edited by John Gray and decorated by C. Ricketts.)
001644661,"Kulturgeschichte ... Vierte Auflage. Neu bearbeitet von M. von Brandt [and others], etc"
003941799,"Monomotapa, Rhodesia: its monuments, and its history ... With preface by H. R. Haggard. Maps and plates"
000495563,[The Story of Africa and its Explorers. [With plates and maps.]]
002433861,Maxwell's Guide Book to the Stewartry of Kirkcudbright. Sixth edition
001820978,The Alhambra ... With an introduction by E. R. Pennell. Illustrated with drawings of the places mentioned by J. Pennell
002493147,"By-gone Glasgow ... Forty full-page drawings and twenty-three text illustrations by D. Small, etc"
002976927,Every-day Characters ... Illustrated by C. Aldin
003837630,An Itinerant in the British Isles
003757808,Baranya multja és jelenje. [With illustrations and a map.]
003775837,"У Болгаръ и заграницей, 1881-1893 ... Продолженіе очерковъ “Дома и на Войнѣ” ... Изданіе второе"
000034575,Sedbergh School Songs. Written and illustrated by R. St. J. Ainslie
002110298,A local guide to Ashburton and its neighbourhood. By H. J. B. L. [i.e. Harry J. B. Lee.]
000489690,[A Treatise on Mine-surveying ... With ... diagrams.]
000015282,The Growth of the French Nation
002784658,Notes in Japan ... With illustrations by the author
000749400,"[Windsor Castle. Official and authorized royal guide ... Illustrated, etc.]"
000433881,"Recherches sur Fontainebleau. Précédées d'un portrait de l'auteur et d'un manuscrit inédit de N. de Fer, 1699. [Articles reprinted from the “Abeille de Fontainebleau,” edited by Maurice Bourges.]"
000500923,"Economic History of Virginia in the Seventeenth Century. An inquiry into the material condition of the people, based upon original and contemporaneous records"
000760332,"History of Concord, New Hampshire, from the original grant in seventeen hundred and twenty-five to the opening of the twentieth century. Prepared under the supervision of the City History Commission. James O. Lyford, editor"
002976927,Every-day Characters ... Illustrated by C. Aldin
000129010,"Hyde Park from Domesday-Book to date, etc"
002293129,"The Student's Lyell. A manual of elementary geology. Edited by J. W. Judd. With ... illustrations, etc"
000433666,The Century of Louis XIV. Its arts-its ideas. From the French ... by Mrs. Cashel Hoey. [With plates.]
003757808,Baranya multja és jelenje. [With illustrations and a map.]
003257008,A Noble Wife. A novel
002068503,"A Monk of Fife. Being the chronicle written by Norman Leslie of Pitcullo concerning marvellous deeds that befell in the realm of France in the years of our Redemption, 1429-31. Now first done into the English out of the French by Andrew Lang"
000995837,"From Chaos to the Charter. A complete history of Royal Leamington Spa, etc"
000209253,Battles and Battlefields in England ... Illustrated by the author. With an introduction by H. D. Traill
000433665,"Le Grand siècle. Louis XIV. Les arts, les idées, etc. [With plates.]"
003220840,Un Mois dans le grand-duché de Luxembourg. Notes d'un touriste
001598528,Rambles in Galloway. (Second edition.) L.P
000138105,"Les Fiefs du Bourbonnais. La Palisse, etc. (Moulins, rive droite de l'Allier.)"
000598049,"[Illustrated Official Handbook of the Cape and South Africa. A résumé of the history, conditions, populations, productions, and resources of the several colonies, states, and territories. Edited by John Noble. [With a map.]]"
000369579,Anthony Blake's Experiment. [A novel. By Alice O'Brien.]
001554950,"Schleswig-Holstein meerumschlungen in Wort und Bild ... Herausgegeben von H. Haas, H. Krumm und F. Stoltenberg, etc"
002811691,The Witch-Finder. [A novel.]
000571275,"The Way about Herefordshire ... Written by C. Caldicott and illustrated by C. Caldicott and A. E. Caldicott. With a comprehensive county gazetteer, edited by A. Baines. (2nd edition.)"
001704007,"Genom Sveriges Bygder. Skildringar af vårt land och folk ... Tredje upplagan, genomsedd och tillökad af J. P. Velander. Med 545 illustrationer"
001554950,"Schleswig-Holstein meerumschlungen in Wort und Bild ... Herausgegeben von H. Haas, H. Krumm und F. Stoltenberg, etc"
003581310,Elementary Physical Geography
002709073,The Barton House Conspiracy: a tale of 1886
003954016,"Gray Days and Gold ... New edition, revised, with illustrations"
003757808,Baranya multja és jelenje. [With illustrations and a map.]
002478949,"[A Perilous Venture; or, the Days of Mary of Burgundy. Translated from the German [“Teuerdank's Brautfahrt”] by M. Hall, etc.]"
000209253,Battles and Battlefields in England ... Illustrated by the author. With an introduction by H. D. Traill
002293129,"The Student's Lyell. A manual of elementary geology. Edited by J. W. Judd. With ... illustrations, etc"
001663251,"Der Dom zu Halberstadt. Seine Geschichte und seine Schätze, etc"
002293129,"The Student's Lyell. A manual of elementary geology. Edited by J. W. Judd. With ... illustrations, etc"
000209253,Battles and Battlefields in England ... Illustrated by the author. With an introduction by H. D. Traill
002293129,"The Student's Lyell. A manual of elementary geology. Edited by J. W. Judd. With ... illustrations, etc"
003501199,[A Child's Garden of Verses ... Second edition.]
003430223,"The Web of an old Weaver, etc"
001707852,The Sister Dominions. Through Canada to Australia by the new imperial highway
002903060,"A Treatise on Ore Deposits ... Second edition, rewritten and greatly enlarged by H. Louis, etc"
001566036,The Mystic Flowery Land. A personal narrative [of a visit to China] ... With notes by the author and numerous illustrations
001144078,"Conquest of the Country Northwest of the River Ohio, 1778-1783, and life of Gen. George Rogers Clark. Over one hundred and twenty-five illustrations. With numerous sketches of men who served under Clark, etc"
000489690,[A Treatise on Mine-surveying ... With ... diagrams.]
001704007,"Genom Sveriges Bygder. Skildringar af vårt land och folk ... Tredje upplagan, genomsedd och tillökad af J. P. Velander. Med 545 illustrationer"
000976404,The Bloom of Faded Years. [A novel.]
000966598,"Darkest Russia. A novel ... from the ... play of that name written by Mr. Donnelly, etc"
000523183,Le Saguenay et le bassin du Lac Saint-Jean. Ouvrage historique et descriptif. Troisième édition. [With plates.]
003265383,"The Township of Scarboro, 1796-1896. Edited by David Boyle. [With plates.]"
003581310,Elementary Physical Geography
000446713,[The Way about Derbyshire. With map ... With illustrations by W. A. Bettesworth.]
000115982,"[Old Caleb's Will: or, the Fortunes of the Cardew family.]"
001554950,"Schleswig-Holstein meerumschlungen in Wort und Bild ... Herausgegeben von H. Haas, H. Krumm und F. Stoltenberg, etc"
000433665,"Le Grand siècle. Louis XIV. Les arts, les idées, etc. [With plates.]"
000034575,Sedbergh School Songs. Written and illustrated by R. St. J. Ainslie
001619673,"Clovis, ou la France au Ve siècle"
003829292,La France aux colonies
002300886,"A Book of Old English Ballads. With an accompaniment of decorative drawings by G. W. Edwards, and an introduction by H. W. Mabie"
001704007,"Genom Sveriges Bygder. Skildringar af vårt land och folk ... Tredje upplagan, genomsedd och tillökad af J. P. Velander. Med 545 illustrationer"
003344033,The Child World. [In verse.] ... Illustrated by C. Robinson
002728924,A Book of Bargains. [Tales.] ... With a frontispiece by Aubrey Beardsley
002933114,Love Triumphant. (Two ... tales.)
003954016,"Gray Days and Gold ... New edition, revised, with illustrations"
003253482,"Jeanne d'Arc et la Normandie au XVme siècle. Illustrations, etc"
000138105,"Les Fiefs du Bourbonnais. La Palisse, etc. (Moulins, rive droite de l'Allier.)"
001602142,"From Batum to Baghdad viâ Tiflis, Tabriz, and Persian Kurdistan ... With illustrations and maps"
001352199,Songs for Little People. [With illustrations by H. Stratton.]
001475882,The Miners' Cup. A Coolgardie romance
002097320,Lays of the Bards
001910294,The Growth of the American Nation
000492169,[A History of Nottinghamshire.]
001820978,The Alhambra ... With an introduction by E. R. Pennell. Illustrated with drawings of the places mentioned by J. Pennell
000185154,Cardiff: an illustrated handbook. [By various contributors.] Edited by J. Ballinger
000209253,Battles and Battlefields in England ... Illustrated by the author. With an introduction by H. D. Traill
000446713,[The Way about Derbyshire. With map ... With illustrations by W. A. Bettesworth.]
001980788,"Székelyföld, etc"
000209253,Battles and Battlefields in England ... Illustrated by the author. With an introduction by H. D. Traill
001554950,"Schleswig-Holstein meerumschlungen in Wort und Bild ... Herausgegeben von H. Haas, H. Krumm und F. Stoltenberg, etc"
001316031,Fredensborg. Det danske Kongehus og dets Slægt. Med Bidrag af danske og fremmede Forfattere og Kunstnere
001308646,Nama und Damara. Deutsch Süd-West-Afrika
000598049,"[Illustrated Official Handbook of the Cape and South Africa. A résumé of the history, conditions, populations, productions, and resources of the several colonies, states, and territories. Edited by John Noble. [With a map.]]"
002631042,"Under a Border Tower: sketches and memories of Ford Castle, Northumberland, and its surroundings, with a memoir of its ... châtelaine, Louisa Marchioness of Waterford, with illustrations including the cartoons at Ford"
003169923,The Stolen Bishop. [A novel.]
002782859,New Wheels in Old Ruts. A pilgrimage to Canterbury via the ancient pilgrim's way ... With pen and ink sketches by F. W. R. Adams
002368499,The Household of Sir Thos. More. With an introduction by W. H. Hutton and ... illustrations by J. Jellicoe and H. Railton
002893249,Napoléon et son temps ... Ouvrage illustré ... Neuvième mille
000209253,Battles and Battlefields in England ... Illustrated by the author. With an introduction by H. D. Traill
001384296,"[Outlines of Geology ... Second edition revised, etc.]"
001200964,"Musa Pedestris: three centuries of canting songs and slang rhymes, etc"
001352199,Songs for Little People. [With illustrations by H. Stratton.]
001537270,"Historia del Excmo. Ayuntamiento de la ... ciudad de Sevilla, etc"
000797815,Études d'histoire contemporaine. L'Évolution française sous la troisième République
003344033,The Child World. [In verse.] ... Illustrated by C. Robinson
000433666,The Century of Louis XIV. Its arts-its ideas. From the French ... by Mrs. Cashel Hoey. [With plates.]
001704007,"Genom Sveriges Bygder. Skildringar af vårt land och folk ... Tredje upplagan, genomsedd och tillökad af J. P. Velander. Med 545 illustrationer"
002293129,"The Student's Lyell. A manual of elementary geology. Edited by J. W. Judd. With ... illustrations, etc"
001910294,The Growth of the American Nation
002293129,"The Student's Lyell. A manual of elementary geology. Edited by J. W. Judd. With ... illustrations, etc"
001057673,"A Naturalist in Mid-Africa, being an account of a journey to the Mountains of the Moon and Tanganyika"
003501199,[A Child's Garden of Verses ... Second edition.]
001762619,Lord Hever. A novel
002581303,Onze Gouden Eeuw. De Republiek der Vereenigde Nederlanden in haar bloeitijd ... Geïllustreerd onder toezicht van J. H. W. Unger
003344033,The Child World. [In verse.] ... Illustrated by C. Robinson
000433666,The Century of Louis XIV. Its arts-its ideas. From the French ... by Mrs. Cashel Hoey. [With plates.]
000108005,By a Winding Path. [A novel.]
002293129,"The Student's Lyell. A manual of elementary geology. Edited by J. W. Judd. With ... illustrations, etc"
001279315,"Description géologique du Caucase central. (Thèse, etc.)"
001704007,"Genom Sveriges Bygder. Skildringar af vårt land och folk ... Tredje upplagan, genomsedd och tillökad af J. P. Velander. Med 545 illustrationer"
000760332,"History of Concord, New Hampshire, from the original grant in seventeen hundred and twenty-five to the opening of the twentieth century. Prepared under the supervision of the City History Commission. James O. Lyford, editor"
003973034,"Crystallography for Beginners. With an appendix on the use of the blowpipe and the determination of common minerals, etc. [With 3 tables of diagrams.]"
000487642,The Century Book of Famous Americans. The story of a young people's pilgrimage to historic homes. With ... illustrations
000149918,Poetical Works of Autremonde. With The Leaven of Hamelin: a drama of 1990
001910294,The Growth of the American Nation
002893249,Napoléon et son temps ... Ouvrage illustré ... Neuvième mille
000015283,[The Growth of the French Nation.]
001240452,Die Hunnen im schweizerischen Eifischthale und ihre Nachkommen bis auf die heutige Zeit ... Mit vielen ... Illustrationen
003253482,"Jeanne d'Arc et la Normandie au XVme siècle. Illustrations, etc"
001168248,"Lecciones sobre la historia de la República Argentina, etc"
003821060,"The Forgotten Isles. Impressions of travel in the Balearic Isles, Corsica, and Sardinia. Rendered into English by F. Breton. With ... illustrations by the author"
000015283,[The Growth of the French Nation.]
001498391,"Arnold Inglehurst, the Preacher. A story of the Fen Country"
002293129,"The Student's Lyell. A manual of elementary geology. Edited by J. W. Judd. With ... illustrations, etc"
001554950,"Schleswig-Holstein meerumschlungen in Wort und Bild ... Herausgegeben von H. Haas, H. Krumm und F. Stoltenberg, etc"
002293129,"The Student's Lyell. A manual of elementary geology. Edited by J. W. Judd. With ... illustrations, etc"
002549034,"A Trip to Fairyland: or, Happy Wedlock. With other poetical pieces"
002581303,Onze Gouden Eeuw. De Republiek der Vereenigde Nederlanden in haar bloeitijd ... Geïllustreerd onder toezicht van J. H. W. Unger
003057425,"Petroleum: a treatise on the geographical distribution and geological occurrence of petroleum and natural gas ... By B. Redwood, assisted by G. T. Holloway, and other contributors ... With maps, etc"
003605161,Ballads and Songs ... With original illustrations by H. M. Brock
001059442,"The People's Standard History of the United States from the landing of the Norsemen to the present time. By E. S. Ellis ... Assisted by, with introduction, annotations, lists of authorities, etc., G. M. Adam"
000115608,“The Cobbler o' Kirkiebrae.” A romance of Galloway
002581303,Onze Gouden Eeuw. De Republiek der Vereenigde Nederlanden in haar bloeitijd ... Geïllustreerd onder toezicht van J. H. W. Unger
003924719,A Short History of Sherborne from 705 A.D
001306654,[In a North Country Village.]
001820978,The Alhambra ... With an introduction by E. R. Pennell. Illustrated with drawings of the places mentioned by J. Pennell
001427278,Half-a-dozen Transgressions. [Tales.]
000138105,"Les Fiefs du Bourbonnais. La Palisse, etc. (Moulins, rive droite de l'Allier.)"
002415000,"The Struggle of the Nations. Egypt, Syria, and Assyria ... Edited by A. H. Sayce. Translated by M. L. McClure. With map ... and ... illustrations"
003922712,"Camping in the Canadian Rockies ... With ... a sketch of the early explorations ... With ... illustrations, etc"
001193897,"The Practice and Science of Mining Engineering: a manual adapted for the use of mine owners, etc"
000995837,"From Chaos to the Charter. A complete history of Royal Leamington Spa, etc"
000785759,The Murder of Delicia ... Thirty-ninth to forty-third thousand
000571275,"The Way about Herefordshire ... Written by C. Caldicott and illustrated by C. Caldicott and A. E. Caldicott. With a comprehensive county gazetteer, edited by A. Baines. (2nd edition.)"
001384296,"[Outlines of Geology ... Second edition revised, etc.]"
002784658,Notes in Japan ... With illustrations by the author
000489690,[A Treatise on Mine-surveying ... With ... diagrams.]
002385150,"Der Verein für Geschichte und Alterthum Schlesiens in den ersten 50 jahren seines Bestehens. ... Mit den Bildern der funf Prasiden, etc"
000209253,Battles and Battlefields in England ... Illustrated by the author. With an introduction by H. D. Traill
001316031,Fredensborg. Det danske Kongehus og dets Slægt. Med Bidrag af danske og fremmede Forfattere og Kunstnere
002782859,New Wheels in Old Ruts. A pilgrimage to Canterbury via the ancient pilgrim's way ... With pen and ink sketches by F. W. R. Adams
001970021,Westward Ho! ... With illustrations by C. E. Brock
002893249,Napoléon et son temps ... Ouvrage illustré ... Neuvième mille
000042130,"Russisch Centralasien. Reisebilder aus Transkaspien, Buchara und Turkestan ... Mit 52 Abbildungen"
003057425,"Petroleum: a treatise on the geographical distribution and geological occurrence of petroleum and natural gas ... By B. Redwood, assisted by G. T. Holloway, and other contributors ... With maps, etc"
000762128,"Le Congo en images, raconté aux enfants. Histoire, habitants, mœurs, civilisation, portraits des explorateurs, etc"
002293129,"The Student's Lyell. A manual of elementary geology. Edited by J. W. Judd. With ... illustrations, etc"
002538943,In our Hours of Ease. [Short stories.]
000079514,"The Town and City of Waterbury, Connecticut, from the aboriginal period to the year eighteen hundred and ninety-five"
003876162,From the Black Sea through Persia and India ... Illustrated by the author
000489690,[A Treatise on Mine-surveying ... With ... diagrams.]
000528213,Colliery Working and Management ... With underground photographs and numerous other illustrations
002286442,"How to visit Italy. A guide-book to the chief towns of Italy, with contributions by ... Dean Farrar ... O. Browning ... Edited by H. S. Lunn"
001384296,"[Outlines of Geology ... Second edition revised, etc.]"
001554950,"Schleswig-Holstein meerumschlungen in Wort und Bild ... Herausgegeben von H. Haas, H. Krumm und F. Stoltenberg, etc"
003537490,The Poems of Sir John Suckling. (Edited by John Gray and decorated by C. Ricketts.)
001382201,"The Water of Leith, Source to Sea. With illustrations by Joseph Brown"
003876162,From the Black Sea through Persia and India ... Illustrated by the author
001554950,"Schleswig-Holstein meerumschlungen in Wort und Bild ... Herausgegeben von H. Haas, H. Krumm und F. Stoltenberg, etc"
002415000,"The Struggle of the Nations. Egypt, Syria, and Assyria ... Edited by A. H. Sayce. Translated by M. L. McClure. With map ... and ... illustrations"
001567835,"The Half Hour Library of Travel, Nature and Science for young readers"
001849833,The Incubated Girl. [A novel.]
003922712,"Camping in the Canadian Rockies ... With ... a sketch of the early explorations ... With ... illustrations, etc"
000115608,“The Cobbler o' Kirkiebrae.” A romance of Galloway
001352199,Songs for Little People. [With illustrations by H. Stratton.]
002290919,Mr. Spinks and his Hounds. A hunting story ... With illustrations by C. Lutyens and the author
000115608,“The Cobbler o' Kirkiebrae.” A romance of Galloway
003471595,Shoulder to Shoulder: a story of the stirring times of old
000108005,By a Winding Path. [A novel.]
001704007,"Genom Sveriges Bygder. Skildringar af vårt land och folk ... Tredje upplagan, genomsedd och tillökad af J. P. Velander. Med 545 illustrationer"
003757808,Baranya multja és jelenje. [With illustrations and a map.]
001059442,"The People's Standard History of the United States from the landing of the Norsemen to the present time. By E. S. Ellis ... Assisted by, with introduction, annotations, lists of authorities, etc., G. M. Adam"
000489690,[A Treatise on Mine-surveying ... With ... diagrams.]
003757808,Baranya multja és jelenje. [With illustrations and a map.]
001554950,"Schleswig-Holstein meerumschlungen in Wort und Bild ... Herausgegeben von H. Haas, H. Krumm und F. Stoltenberg, etc"
003253482,"Jeanne d'Arc et la Normandie au XVme siècle. Illustrations, etc"
001316031,Fredensborg. Det danske Kongehus og dets Slægt. Med Bidrag af danske og fremmede Forfattere og Kunstnere
001656304,"[The Bravest of the Brave: or, With Peterborough in Spain. ... With ... illustrations, etc.]"
002333337,"In the Volcanic Eifel. A holiday ramble ... With ... illustrations by T. R. Macquoid, and ... maps"
003605161,Ballads and Songs ... With original illustrations by H. M. Brock
002415000,"The Struggle of the Nations. Egypt, Syria, and Assyria ... Edited by A. H. Sayce. Translated by M. L. McClure. With map ... and ... illustrations"
000149918,Poetical Works of Autremonde. With The Leaven of Hamelin: a drama of 1990
002746680,Essai historique sur Châteauneuf en Brionnais ou Chatellenie Royale sur les bords du Sornin. [With illustrations.]
001644661,"Kulturgeschichte ... Vierte Auflage. Neu bearbeitet von M. von Brandt [and others], etc"
002293129,"The Student's Lyell. A manual of elementary geology. Edited by J. W. Judd. With ... illustrations, etc"
001509007,"A Week on Wheels in East Anglia, etc"
000433666,The Century of Louis XIV. Its arts-its ideas. From the French ... by Mrs. Cashel Hoey. [With plates.]
002784658,Notes in Japan ... With illustrations by the author
002390844,The Novels of Captain Marryat. Edited by R. Brimley Johnson. L.P
002279037,"The Log of the Tantallon Castle ... Illustrated, etc"
002433861,Maxwell's Guide Book to the Stewartry of Kirkcudbright. Sixth edition
000209253,Battles and Battlefields in England ... Illustrated by the author. With an introduction by H. D. Traill
000371673,"Taking a Stand, etc"
000683222,Souvenir of Lincoln Park. An illustrated and descriptive guide
003257008,A Noble Wife. A novel
002595787,Histoire de la Nation suisse
003159008,The Metallurgy of Gold ... Second edition
003321296,"The Garden of the Matchboxes, and other stories"
000832719,"Manningham, Heaton, and Allerton, townships of Bradford, treated historically and topographically. [With plates.]"
003876162,From the Black Sea through Persia and India ... Illustrated by the author
000616964,Historia de la ciudad de Puebla de los Angeles
002581303,Onze Gouden Eeuw. De Republiek der Vereenigde Nederlanden in haar bloeitijd ... Geïllustreerd onder toezicht van J. H. W. Unger
003344033,The Child World. [In verse.] ... Illustrated by C. Robinson
002903060,"A Treatise on Ore Deposits ... Second edition, rewritten and greatly enlarged by H. Louis, etc"
002293129,"The Student's Lyell. A manual of elementary geology. Edited by J. W. Judd. With ... illustrations, etc"
003954016,"Gray Days and Gold ... New edition, revised, with illustrations"
003147388,Rome. A lecture for use with the magic lantern
002595787,Histoire de la Nation suisse
002581303,Onze Gouden Eeuw. De Republiek der Vereenigde Nederlanden in haar bloeitijd ... Geïllustreerd onder toezicht van J. H. W. Unger
003220840,Un Mois dans le grand-duché de Luxembourg. Notes d'un touriste
001967178,Trooper Ross and Vignal Butte. [A tale.]
001240452,Die Hunnen im schweizerischen Eifischthale und ihre Nachkommen bis auf die heutige Zeit ... Mit vielen ... Illustrationen
003501199,[A Child's Garden of Verses ... Second edition.]
001384296,"[Outlines of Geology ... Second edition revised, etc.]"
000749400,"[Windsor Castle. Official and authorized royal guide ... Illustrated, etc.]"
002486743,The Official Guide to the Midland Railway ... Abridged and popular edition. Illustrated
003605161,Ballads and Songs ... With original illustrations by H. M. Brock
002580837,Senlis et ses environs
000492911,[On Foot round Settle. By Geo. H. Brown ...]
000115608,“The Cobbler o' Kirkiebrae.” A romance of Galloway
000598049,"[Illustrated Official Handbook of the Cape and South Africa. A résumé of the history, conditions, populations, productions, and resources of the several colonies, states, and territories. Edited by John Noble. [With a map.]]"
002581303,Onze Gouden Eeuw. De Republiek der Vereenigde Nederlanden in haar bloeitijd ... Geïllustreerd onder toezicht van J. H. W. Unger
001498391,"Arnold Inglehurst, the Preacher. A story of the Fen Country"
001554950,"Schleswig-Holstein meerumschlungen in Wort und Bild ... Herausgegeben von H. Haas, H. Krumm und F. Stoltenberg, etc"
002293129,"The Student's Lyell. A manual of elementary geology. Edited by J. W. Judd. With ... illustrations, etc"
002279037,"The Log of the Tantallon Castle ... Illustrated, etc"
003501199,[A Child's Garden of Verses ... Second edition.]
003004249,Селенгинская Даурія. Очерки забайкальскаго края ... Съ 10 рис. и ... картой Забайкалья
001554950,"Schleswig-Holstein meerumschlungen in Wort und Bild ... Herausgegeben von H. Haas, H. Krumm und F. Stoltenberg, etc"
001316031,Fredensborg. Det danske Kongehus og dets Slægt. Med Bidrag af danske og fremmede Forfattere og Kunstnere
003998462,"The Release, or Caroline's French Kindred"
001144078,"Conquest of the Country Northwest of the River Ohio, 1778-1783, and life of Gen. George Rogers Clark. Over one hundred and twenty-five illustrations. With numerous sketches of men who served under Clark, etc"
002581303,Onze Gouden Eeuw. De Republiek der Vereenigde Nederlanden in haar bloeitijd ... Geïllustreerd onder toezicht van J. H. W. Unger
003581310,Elementary Physical Geography
003323571,"A Strange, Sad Comedy. [A novel.]"
000760332,"History of Concord, New Hampshire, from the original grant in seventeen hundred and twenty-five to the opening of the twentieth century. Prepared under the supervision of the City History Commission. James O. Lyford, editor"
001495840,The Official Guide to the Great Western Railway ... Abridged and popular edition. Illustrated
003561238,"The Coronation Cruise of the “Midnight Sun” to Russia, Whitsuntide, 1896. A record"
002491871,"Personal Recollections and Observations of General Nelson A. Miles, embracing a brief view of the civil war ... and the story of his Indian campaigns ... Copiously illustrated ... by F. Remington, etc"
001506051,"Brixham, in Devonia. Illustrated guide, with historical and descriptive sketch, and handbook to Torbay and the neighbourhood, etc"
003485095,Never Give In. A tale of the life and times of Gustavus Adolphus
000108005,By a Winding Path. [A novel.]
000184181,Chronicles of the Royal Borough of Woodstock. Compiled from the Borough records and other original documents. [With illustrations.]
001506560,"The Great Rift Valley. Being the narrative of a journey to Mount Kenya and Lake Baringo. With some account of the geology, natural history, anthropology, and future prospects of British East Africa ... With maps and illustrations"
003634941,"Matthew Flinders; or, How we have Australia. Being the true story of Captain Flinders' explorations and adventures, etc"
003617125,"History of the Counties of Argenteuil, Que. and Prescott, Ont., etc"
001384296,"[Outlines of Geology ... Second edition revised, etc.]"
001644661,"Kulturgeschichte ... Vierte Auflage. Neu bearbeitet von M. von Brandt [and others], etc"
000683222,Souvenir of Lincoln Park. An illustrated and descriptive guide
001704007,"Genom Sveriges Bygder. Skildringar af vårt land och folk ... Tredje upplagan, genomsedd och tillökad af J. P. Velander. Med 545 illustrationer"
001316031,Fredensborg. Det danske Kongehus og dets Slægt. Med Bidrag af danske og fremmede Forfattere og Kunstnere
001554950,"Schleswig-Holstein meerumschlungen in Wort und Bild ... Herausgegeben von H. Haas, H. Krumm und F. Stoltenberg, etc"
001567835,"The Half Hour Library of Travel, Nature and Science for young readers"
000209253,Battles and Battlefields in England ... Illustrated by the author. With an introduction by H. D. Traill
000184181,Chronicles of the Royal Borough of Woodstock. Compiled from the Borough records and other original documents. [With illustrations.]
002976927,Every-day Characters ... Illustrated by C. Aldin
002903060,"A Treatise on Ore Deposits ... Second edition, rewritten and greatly enlarged by H. Louis, etc"
001716783,"Miners and their works underground. Stories of the mining of coal, etc"
000376211,Lyon Pittoresque ... Avec une préface de M. Coste-Labaume. Illustré ... par J. Drevet
001678201,Poems
001200964,"Musa Pedestris: three centuries of canting songs and slang rhymes, etc"
002333337,"In the Volcanic Eifel. A holiday ramble ... With ... illustrations by T. R. Macquoid, and ... maps"
000492169,[A History of Nottinghamshire.]
001554950,"Schleswig-Holstein meerumschlungen in Wort und Bild ... Herausgegeben von H. Haas, H. Krumm und F. Stoltenberg, etc"
002320170,"Notes on the Successive Buildings used for County, Municipal, and Judicial Purposes of the County of Sutherland and Burgh of Dornoch. (The Ancient tolbooths of Dornoch.)"
001316031,Fredensborg. Det danske Kongehus og dets Slægt. Med Bidrag af danske og fremmede Forfattere og Kunstnere
001384296,"[Outlines of Geology ... Second edition revised, etc.]"
001059442,"The People's Standard History of the United States from the landing of the Norsemen to the present time. By E. S. Ellis ... Assisted by, with introduction, annotations, lists of authorities, etc., G. M. Adam"
002368499,The Household of Sir Thos. More. With an introduction by W. H. Hutton and ... illustrations by J. Jellicoe and H. Railton
001554950,"Schleswig-Holstein meerumschlungen in Wort und Bild ... Herausgegeben von H. Haas, H. Krumm und F. Stoltenberg, etc"
003757808,Baranya multja és jelenje. [With illustrations and a map.]
002686114,"Chez les Abarambos. Ce que devient l'Afrique mystérieuse, etc"
003538943,"The Story Hunter or Tales of the weird and wild, etc"
003057425,"Petroleum: a treatise on the geographical distribution and geological occurrence of petroleum and natural gas ... By B. Redwood, assisted by G. T. Holloway, and other contributors ... With maps, etc"
000433666,The Century of Louis XIV. Its arts-its ideas. From the French ... by Mrs. Cashel Hoey. [With plates.]
001034471,He went out with the Tide. [A novel.]
002535575,Les Châteaux suisses. Anciennes anecdotes et chroniques. Nouvelle édition. Illustrations de H. Van Muyden. [With a portrait.]
003344033,The Child World. [In verse.] ... Illustrated by C. Robinson
002368499,The Household of Sir Thos. More. With an introduction by W. H. Hutton and ... illustrations by J. Jellicoe and H. Railton
002976927,Every-day Characters ... Illustrated by C. Aldin
000709346,En Algérie
001638031,"Die Erde. Eine allgemeine Erd- und Länderkunde, etc"
000108005,By a Winding Path. [A novel.]
003805159,"Mohammed Christus. Vier Schetsen van eene reis in het Oosten, etc"
003581310,Elementary Physical Geography
003253482,"Jeanne d'Arc et la Normandie au XVme siècle. Illustrations, etc"
002293129,"The Student's Lyell. A manual of elementary geology. Edited by J. W. Judd. With ... illustrations, etc"
002599224,Изъ исторіи Москвы. 1147-1703. Очерки. Съ 212 рисунками. [By] В. Н. [i.e. by V. Nazarevsky.]
003759516,"The Manchester Man ... Illustrations, etc"
002786327,"Schlesien. Eine Landeskunde für das deutsche Volk, etc"
001567835,"The Half Hour Library of Travel, Nature and Science for young readers"
001704007,"Genom Sveriges Bygder. Skildringar af vårt land och folk ... Tredje upplagan, genomsedd och tillökad af J. P. Velander. Med 545 illustrationer"
003288463,Württembergische Geschichte
003581310,Elementary Physical Geography
000760332,"History of Concord, New Hampshire, from the original grant in seventeen hundred and twenty-five to the opening of the twentieth century. Prepared under the supervision of the City History Commission. James O. Lyford, editor"
003743042,"Badauderies parisiennes. Les Rassemblements: physiologies de la rue ... [Edited with a] prologue par O. Uzanne, etc"
002903060,"A Treatise on Ore Deposits ... Second edition, rewritten and greatly enlarged by H. Louis, etc"
001993778,"Memorie per la storia della Liburnica, città di Fiume, etc"
001316031,Fredensborg. Det danske Kongehus og dets Slægt. Med Bidrag af danske og fremmede Forfattere og Kunstnere
001554950,"Schleswig-Holstein meerumschlungen in Wort und Bild ... Herausgegeben von H. Haas, H. Krumm und F. Stoltenberg, etc"
000209253,Battles and Battlefields in England ... Illustrated by the author. With an introduction by H. D. Traill
002203192,"In the Days of the Canada Company: the story of the settlement of the Huron tract and a view of the social life of the period, 1825-1850 ... With an introduction by G. M. Grant"
003581310,Elementary Physical Geography
000209253,Battles and Battlefields in England ... Illustrated by the author. With an introduction by H. D. Traill
001704007,"Genom Sveriges Bygder. Skildringar af vårt land och folk ... Tredje upplagan, genomsedd och tillökad af J. P. Velander. Med 545 illustrationer"
000157921,"Duty's Call. A story of a girl's work in the service of others, and her reward. With some brief sketches of undergraduate life. By H. N. B. [i.e. Harold Nelson Burden.]"
000209253,Battles and Battlefields in England ... Illustrated by the author. With an introduction by H. D. Traill
001554950,"Schleswig-Holstein meerumschlungen in Wort und Bild ... Herausgegeben von H. Haas, H. Krumm und F. Stoltenberg, etc"
002686114,"Chez les Abarambos. Ce que devient l'Afrique mystérieuse, etc"
001644661,"Kulturgeschichte ... Vierte Auflage. Neu bearbeitet von M. von Brandt [and others], etc"
000492169,[A History of Nottinghamshire.]
000907750,"L'Allemagne, 1789-1810. Fin de l'ancienne Allemagne. [With illustrations.]"
001704007,"Genom Sveriges Bygder. Skildringar af vårt land och folk ... Tredje upplagan, genomsedd och tillökad af J. P. Velander. Med 545 illustrationer"
001820978,The Alhambra ... With an introduction by E. R. Pennell. Illustrated with drawings of the places mentioned by J. Pennell
002903060,"A Treatise on Ore Deposits ... Second edition, rewritten and greatly enlarged by H. Louis, etc"
002585484,"The Lost Pibroch, and other sheiling stories"
002599224,Изъ исторіи Москвы. 1147-1703. Очерки. Съ 212 рисунками. [By] В. Н. [i.e. by V. Nazarevsky.]
002491871,"Personal Recollections and Observations of General Nelson A. Miles, embracing a brief view of the civil war ... and the story of his Indian campaigns ... Copiously illustrated ... by F. Remington, etc"
003486794,A Voyage to Viking-Land ... Eighty-nine illustrations. Also map of Norway and Spitzbergen
002293129,"The Student's Lyell. A manual of elementary geology. Edited by J. W. Judd. With ... illustrations, etc"
001316031,Fredensborg. Det danske Kongehus og dets Slægt. Med Bidrag af danske og fremmede Forfattere og Kunstnere
003775837,"У Болгаръ и заграницей, 1881-1893 ... Продолженіе очерковъ “Дома и на Войнѣ” ... Изданіе второе"
000492169,[A History of Nottinghamshire.]
000433665,"Le Grand siècle. Louis XIV. Les arts, les idées, etc. [With plates.]"
003829292,La France aux colonies
001567835,"The Half Hour Library of Travel, Nature and Science for young readers"
000616964,Historia de la ciudad de Puebla de los Angeles
001144078,"Conquest of the Country Northwest of the River Ohio, 1778-1783, and life of Gen. George Rogers Clark. Over one hundred and twenty-five illustrations. With numerous sketches of men who served under Clark, etc"
002581303,Onze Gouden Eeuw. De Republiek der Vereenigde Nederlanden in haar bloeitijd ... Geïllustreerd onder toezicht van J. H. W. Unger
000209253,Battles and Battlefields in England ... Illustrated by the author. With an introduction by H. D. Traill
002676588,"[The Official Guide to the Norwich Castle Museum, with an account of its origin & progress. By Thomas Southwell ... Also an historical account of the castle keep by Rev. Wm. Hudson ... and a guide to the collection of pictures ... by G. C. Eaton, etc. [With plates.]]"
003057425,"Petroleum: a treatise on the geographical distribution and geological occurrence of petroleum and natural gas ... By B. Redwood, assisted by G. T. Holloway, and other contributors ... With maps, etc"
003253482,"Jeanne d'Arc et la Normandie au XVme siècle. Illustrations, etc"
000434827,"History of the Parish of Ryton, including the parishes of Winlaton, Stella, and Greenside"
001554950,"Schleswig-Holstein meerumschlungen in Wort und Bild ... Herausgegeben von H. Haas, H. Krumm und F. Stoltenberg, etc"
002368499,The Household of Sir Thos. More. With an introduction by W. H. Hutton and ... illustrations by J. Jellicoe and H. Railton
003253482,"Jeanne d'Arc et la Normandie au XVme siècle. Illustrations, etc"
003775837,"У Болгаръ и заграницей, 1881-1893 ... Продолженіе очерковъ “Дома и на Войнѣ” ... Изданіе второе"
000157921,"Duty's Call. A story of a girl's work in the service of others, and her reward. With some brief sketches of undergraduate life. By H. N. B. [i.e. Harold Nelson Burden.]"
001980788,"Székelyföld, etc"
000976404,The Bloom of Faded Years. [A novel.]
002293129,"The Student's Lyell. A manual of elementary geology. Edited by J. W. Judd. With ... illustrations, etc"
002368499,The Household of Sir Thos. More. With an introduction by W. H. Hutton and ... illustrations by J. Jellicoe and H. Railton
001910294,The Growth of the American Nation
003253482,"Jeanne d'Arc et la Normandie au XVme siècle. Illustrations, etc"
001200964,"Musa Pedestris: three centuries of canting songs and slang rhymes, etc"
001651007,Geschichte des Kantons St. Gallen seit Annahme der Verfassung von 1861
000015283,[The Growth of the French Nation.]
001316031,Fredensborg. Det danske Kongehus og dets Slægt. Med Bidrag af danske og fremmede Forfattere og Kunstnere
001567835,"The Half Hour Library of Travel, Nature and Science for young readers"
003092628,"Aluminium ... Third edition, revised and enlarged, etc"
003430223,"The Web of an old Weaver, etc"
001470127,Au bas pay du Limosin. Études et tableaux
001745619,A History of Rome to the death of Cæsar
000760332,"History of Concord, New Hampshire, from the original grant in seventeen hundred and twenty-five to the opening of the twentieth century. Prepared under the supervision of the City History Commission. James O. Lyford, editor"
003821062,"La Sicile. Impressions du présent et du passé, illustrées par l'auteur"
002386043,Земун од најстарији времена на до данас
001567835,"The Half Hour Library of Travel, Nature and Science for young readers"
001762619,Lord Hever. A novel
001930129,"История на деветнадесетия вѣкъ, съ образи. Отъ Павла Каролиди. Том I: отъ 1814-1830 година. Прѣвелъ отъ гърцки Д. В. Македонский. [With illustrations.]"
003344033,The Child World. [In verse.] ... Illustrated by C. Robinson
001745619,A History of Rome to the death of Cæsar
003537490,The Poems of Sir John Suckling. (Edited by John Gray and decorated by C. Ricketts.)
002068503,"A Monk of Fife. Being the chronicle written by Norman Leslie of Pitcullo concerning marvellous deeds that befell in the realm of France in the years of our Redemption, 1429-31. Now first done into the English out of the French by Andrew Lang"
001352199,Songs for Little People. [With illustrations by H. Stratton.]
003581310,Elementary Physical Geography
003159008,The Metallurgy of Gold ... Second edition
001820978,The Alhambra ... With an introduction by E. R. Pennell. Illustrated with drawings of the places mentioned by J. Pennell
003253482,"Jeanne d'Arc et la Normandie au XVme siècle. Illustrations, etc"
000984310,The Two Scholars. Poem
003757808,Baranya multja és jelenje. [With illustrations and a map.]
003471595,Shoulder to Shoulder: a story of the stirring times of old
001384296,"[Outlines of Geology ... Second edition revised, etc.]"
003344033,The Child World. [In verse.] ... Illustrated by C. Robinson
003430223,"The Web of an old Weaver, etc"
000373985,"Sutton-in-Holderness. The manor, the berewic, and the village community. [With illustrations.]"
000149918,Poetical Works of Autremonde. With The Leaven of Hamelin: a drama of 1990
001598528,Rambles in Galloway. (Second edition.) L.P
002293129,"The Student's Lyell. A manual of elementary geology. Edited by J. W. Judd. With ... illustrations, etc"
000976404,The Bloom of Faded Years. [A novel.]
001511429,"A History of the Deccan ... With portraits, maps, plates and illustrations"
002368499,The Household of Sir Thos. More. With an introduction by W. H. Hutton and ... illustrations by J. Jellicoe and H. Railton
002390844,The Novels of Captain Marryat. Edited by R. Brimley Johnson. L.P
003581310,Elementary Physical Geography
001316031,Fredensborg. Det danske Kongehus og dets Slægt. Med Bidrag af danske og fremmede Forfattere og Kunstnere
002950470,"Notizie storiche, statuti antichi, documenti e antichità romane di Malesco, comune della Valle Viyezzo nell'Ossola. Studi e ricerche"
000571275,"The Way about Herefordshire ... Written by C. Caldicott and illustrated by C. Caldicott and A. E. Caldicott. With a comprehensive county gazetteer, edited by A. Baines. (2nd edition.)"
002293129,"The Student's Lyell. A manual of elementary geology. Edited by J. W. Judd. With ... illustrations, etc"
000603810,Les Députés du Pas-de-Calais à la Convention
000115982,"[Old Caleb's Will: or, the Fortunes of the Cardew family.]"
002784658,Notes in Japan ... With illustrations by the author
000571275,"The Way about Herefordshire ... Written by C. Caldicott and illustrated by C. Caldicott and A. E. Caldicott. With a comprehensive county gazetteer, edited by A. Baines. (2nd edition.)"
000209482,"[Sonnets. By E. B. B. [i.e. Elizabeth Barrett Browning.] [Purporting to be the first edition of “Sonnets from the Portuguese,” first published in the 1850 edition of “Poems.”]]"
003257008,A Noble Wife. A novel
001656304,"[The Bravest of the Brave: or, With Peterborough in Spain. ... With ... illustrations, etc.]"
000433665,"Le Grand siècle. Louis XIV. Les arts, les idées, etc. [With plates.]"
003954016,"Gray Days and Gold ... New edition, revised, with illustrations"
001644661,"Kulturgeschichte ... Vierte Auflage. Neu bearbeitet von M. von Brandt [and others], etc"
002631042,"Under a Border Tower: sketches and memories of Ford Castle, Northumberland, and its surroundings, with a memoir of its ... châtelaine, Louisa Marchioness of Waterford, with illustrations including the cartoons at Ford"
000433881,"Recherches sur Fontainebleau. Précédées d'un portrait de l'auteur et d'un manuscrit inédit de N. de Fer, 1699. [Articles reprinted from the “Abeille de Fontainebleau,” edited by Maurice Bourges.]"
003775837,"У Болгаръ и заграницей, 1881-1893 ... Продолженіе очерковъ “Дома и на Войнѣ” ... Изданіе второе"
000115478,"Songs of Love and Death, etc"
003829292,La France aux colonies
000108005,By a Winding Path. [A novel.]
002512059,"Country Stories, etc"
001820978,The Alhambra ... With an introduction by E. R. Pennell. Illustrated with drawings of the places mentioned by J. Pennell
002893249,Napoléon et son temps ... Ouvrage illustré ... Neuvième mille
003743042,"Badauderies parisiennes. Les Rassemblements: physiologies de la rue ... [Edited with a] prologue par O. Uzanne, etc"
001644661,"Kulturgeschichte ... Vierte Auflage. Neu bearbeitet von M. von Brandt [and others], etc"
003977681,"In a Silent World. [A novel.] By the author of “Views of English Society,” etc"
003973034,"Crystallography for Beginners. With an appendix on the use of the blowpipe and the determination of common minerals, etc. [With 3 tables of diagrams.]"
003779713,Dictionnaire topographique du département de la Savoie
000433666,The Century of Louis XIV. Its arts-its ideas. From the French ... by Mrs. Cashel Hoey. [With plates.]
002903060,"A Treatise on Ore Deposits ... Second edition, rewritten and greatly enlarged by H. Louis, etc"
003537490,The Poems of Sir John Suckling. (Edited by John Gray and decorated by C. Ricketts.)
002293129,"The Student's Lyell. A manual of elementary geology. Edited by J. W. Judd. With ... illustrations, etc"
000209253,Battles and Battlefields in England ... Illustrated by the author. With an introduction by H. D. Traill
001554950,"Schleswig-Holstein meerumschlungen in Wort und Bild ... Herausgegeben von H. Haas, H. Krumm und F. Stoltenberg, etc"
003581310,Elementary Physical Geography
003743042,"Badauderies parisiennes. Les Rassemblements: physiologies de la rue ... [Edited with a] prologue par O. Uzanne, etc"
000571275,"The Way about Herefordshire ... Written by C. Caldicott and illustrated by C. Caldicott and A. E. Caldicott. With a comprehensive county gazetteer, edited by A. Baines. (2nd edition.)"
002293129,"The Student's Lyell. A manual of elementary geology. Edited by J. W. Judd. With ... illustrations, etc"
002433861,Maxwell's Guide Book to the Stewartry of Kirkcudbright. Sixth edition
002491871,"Personal Recollections and Observations of General Nelson A. Miles, embracing a brief view of the civil war ... and the story of his Indian campaigns ... Copiously illustrated ... by F. Remington, etc"
001567835,"The Half Hour Library of Travel, Nature and Science for young readers"
000433666,The Century of Louis XIV. Its arts-its ideas. From the French ... by Mrs. Cashel Hoey. [With plates.]
000034575,Sedbergh School Songs. Written and illustrated by R. St. J. Ainslie
001308646,Nama und Damara. Deutsch Süd-West-Afrika
001514854,Saunterings in Florence. A new artistic and practical hand-book for English and American tourists. With one hundred illustrations and maps
003064031,Un hiver à Paris sous le Consulat 1802-1803 d'après les lettres de J. F. Reichardt par A. Laquiante
003757808,Baranya multja és jelenje. [With illustrations and a map.]
001492267,La Cartographie de Madagascar
003743042,"Badauderies parisiennes. Les Rassemblements: physiologies de la rue ... [Edited with a] prologue par O. Uzanne, etc"
003581310,Elementary Physical Geography
003253482,"Jeanne d'Arc et la Normandie au XVme siècle. Illustrations, etc"
000785171,"Centenaire de Marco Polo. Conférence, etc. [With “Marco Polo. Bibliographie.”]"
002595787,Histoire de la Nation suisse
002581303,Onze Gouden Eeuw. De Republiek der Vereenigde Nederlanden in haar bloeitijd ... Geïllustreerd onder toezicht van J. H. W. Unger
002293129,"The Student's Lyell. A manual of elementary geology. Edited by J. W. Judd. With ... illustrations, etc"
001495840,The Official Guide to the Great Western Railway ... Abridged and popular edition. Illustrated
001308646,Nama und Damara. Deutsch Süd-West-Afrika
002816248,Concise Navigating Directions for the River Thames ... Second edition. Illustrated by nineteen charts
002462923,The Works of George Meredith
001704007,"Genom Sveriges Bygder. Skildringar af vårt land och folk ... Tredje upplagan, genomsedd och tillökad af J. P. Velander. Med 545 illustrationer"
000492169,[A History of Nottinghamshire.]
000495563,[The Story of Africa and its Explorers. [With plates and maps.]]
001384296,"[Outlines of Geology ... Second edition revised, etc.]"
003888358,Living Statuary; how it may be successfully produced by amateurs. Illustrated
001554950,"Schleswig-Holstein meerumschlungen in Wort und Bild ... Herausgegeben von H. Haas, H. Krumm und F. Stoltenberg, etc"
002903060,"A Treatise on Ore Deposits ... Second edition, rewritten and greatly enlarged by H. Louis, etc"
000809225,A New Anthem or National Hymn of Praise and Thanksgiving. To commemorate Her Majesty Queen Victoria's long and most illustrious reign
001035021,"Pioneer Life in Dayton and Vicinity, 1796-1840 ... Illustrated"
002599224,Изъ исторіи Москвы. 1147-1703. Очерки. Съ 212 рисунками. [By] В. Н. [i.e. by V. Nazarevsky.]
001704007,"Genom Sveriges Bygder. Skildringar af vårt land och folk ... Tredje upplagan, genomsedd och tillökad af J. P. Velander. Med 545 illustrationer"
003265383,"The Township of Scarboro, 1796-1896. Edited by David Boyle. [With plates.]"
002676588,"[The Official Guide to the Norwich Castle Museum, with an account of its origin & progress. By Thomas Southwell ... Also an historical account of the castle keep by Rev. Wm. Hudson ... and a guide to the collection of pictures ... by G. C. Eaton, etc. [With plates.]]"
001745619,A History of Rome to the death of Cæsar
000658681,Through Jungle and Desert. Travels in Eastern Africa ... With illustrations from photographs taken by the author and maps. [With a portrait.]
001514854,Saunterings in Florence. A new artistic and practical hand-book for English and American tourists. With one hundred illustrations and maps
000658681,Through Jungle and Desert. Travels in Eastern Africa ... With illustrations from photographs taken by the author and maps. [With a portrait.]
001704007,"Genom Sveriges Bygder. Skildringar af vårt land och folk ... Tredje upplagan, genomsedd och tillökad af J. P. Velander. Med 545 illustrationer"
003973034,"Crystallography for Beginners. With an appendix on the use of the blowpipe and the determination of common minerals, etc. [With 3 tables of diagrams.]"
002686114,"Chez les Abarambos. Ce que devient l'Afrique mystérieuse, etc"
002293129,"The Student's Lyell. A manual of elementary geology. Edited by J. W. Judd. With ... illustrations, etc"
003523089,"Chronicles of Strathearn. With illustrations by W. B. Macdougall, etc"
000383667,[A Charge to Keep.]
001668893,"Amyas Egerton, Cavalier. [A romance.]"
001656304,"[The Bravest of the Brave: or, With Peterborough in Spain. ... With ... illustrations, etc.]"
002415000,"The Struggle of the Nations. Egypt, Syria, and Assyria ... Edited by A. H. Sayce. Translated by M. L. McClure. With map ... and ... illustrations"
001306654,[In a North Country Village.]
003253482,"Jeanne d'Arc et la Normandie au XVme siècle. Illustrations, etc"
000007521,Aus Kaukasischen Ländern. Reisebriefe von H. Abich. Herausgegeben von dessen Witwe (A. Abich)
000489690,[A Treatise on Mine-surveying ... With ... diagrams.]
003445231,"Campaña del ejército chileno contra la confederacion perú-boliviana en 1837, etc"
002761042,"Pansies for Thoughts, culled from the garden of literature. [With coloured illustrations.]"
000433666,The Century of Louis XIV. Its arts-its ideas. From the French ... by Mrs. Cashel Hoey. [With plates.]
003057425,"Petroleum: a treatise on the geographical distribution and geological occurrence of petroleum and natural gas ... By B. Redwood, assisted by G. T. Holloway, and other contributors ... With maps, etc"
000383667,[A Charge to Keep.]
000598049,"[Illustrated Official Handbook of the Cape and South Africa. A résumé of the history, conditions, populations, productions, and resources of the several colonies, states, and territories. Edited by John Noble. [With a map.]]"
000683222,Souvenir of Lincoln Park. An illustrated and descriptive guide
001554950,"Schleswig-Holstein meerumschlungen in Wort und Bild ... Herausgegeben von H. Haas, H. Krumm und F. Stoltenberg, etc"
002686114,"Chez les Abarambos. Ce que devient l'Afrique mystérieuse, etc"
000523183,Le Saguenay et le bassin du Lac Saint-Jean. Ouvrage historique et descriptif. Troisième édition. [With plates.]
000115608,“The Cobbler o' Kirkiebrae.” A romance of Galloway
001704007,"Genom Sveriges Bygder. Skildringar af vårt land och folk ... Tredje upplagan, genomsedd och tillökad af J. P. Velander. Med 545 illustrationer"
003973034,"Crystallography for Beginners. With an appendix on the use of the blowpipe and the determination of common minerals, etc. [With 3 tables of diagrams.]"
001554950,"Schleswig-Holstein meerumschlungen in Wort und Bild ... Herausgegeben von H. Haas, H. Krumm und F. Stoltenberg, etc"
001644661,"Kulturgeschichte ... Vierte Auflage. Neu bearbeitet von M. von Brandt [and others], etc"
000601544,A travers la Bosnie et l'Herzégovine. Études et impressions de voyage. [With plates and a map.]
000433881,"Recherches sur Fontainebleau. Précédées d'un portrait de l'auteur et d'un manuscrit inédit de N. de Fer, 1699. [Articles reprinted from the “Abeille de Fontainebleau,” edited by Maurice Bourges.]"
000495563,[The Story of Africa and its Explorers. [With plates and maps.]]
000204744,Behind the Great Wall ... With ... illustrations
000875632,Conquest of England by the Normans. By E. Davies. Part II. Eleven poems by the same author
001258545,"The Century of Sir Thomas More, etc"
000433665,"Le Grand siècle. Louis XIV. Les arts, les idées, etc. [With plates.]"
003220840,Un Mois dans le grand-duché de Luxembourg. Notes d'un touriste
000433666,The Century of Louis XIV. Its arts-its ideas. From the French ... by Mrs. Cashel Hoey. [With plates.]
000585196,The Manufacture and Properties of Structural Steel ... Second edition
001470127,Au bas pay du Limosin. Études et tableaux
001910294,The Growth of the American Nation
000489690,[A Treatise on Mine-surveying ... With ... diagrams.]
001554950,"Schleswig-Holstein meerumschlungen in Wort und Bild ... Herausgegeben von H. Haas, H. Krumm und F. Stoltenberg, etc"
003257008,A Noble Wife. A novel
001745619,A History of Rome to the death of Cæsar
001514854,Saunterings in Florence. A new artistic and practical hand-book for English and American tourists. With one hundred illustrations and maps
003757808,Baranya multja és jelenje. [With illustrations and a map.]
001144078,"Conquest of the Country Northwest of the River Ohio, 1778-1783, and life of Gen. George Rogers Clark. Over one hundred and twenty-five illustrations. With numerous sketches of men who served under Clark, etc"
000433666,The Century of Louis XIV. Its arts-its ideas. From the French ... by Mrs. Cashel Hoey. [With plates.]
003057425,"Petroleum: a treatise on the geographical distribution and geological occurrence of petroleum and natural gas ... By B. Redwood, assisted by G. T. Holloway, and other contributors ... With maps, etc"
003743042,"Badauderies parisiennes. Les Rassemblements: physiologies de la rue ... [Edited with a] prologue par O. Uzanne, etc"
001352199,Songs for Little People. [With illustrations by H. Stratton.]
001762619,Lord Hever. A novel
002061467,"Modern Palestine; or, The Need of a New Crusade ... With ... illustrations"
003581310,Elementary Physical Geography
001514854,Saunterings in Florence. A new artistic and practical hand-book for English and American tourists. With one hundred illustrations and maps
003485095,Never Give In. A tale of the life and times of Gustavus Adolphus
000209482,"[Sonnets. By E. B. B. [i.e. Elizabeth Barrett Browning.] [Purporting to be the first edition of “Sonnets from the Portuguese,” first published in the 1850 edition of “Poems.”]]"
003605161,Ballads and Songs ... With original illustrations by H. M. Brock
001820978,The Alhambra ... With an introduction by E. R. Pennell. Illustrated with drawings of the places mentioned by J. Pennell
001726694,The Haunted House ... Illustrated by H. Railton. With an introduction by Austin Dobson
001849833,The Incubated Girl. [A novel.]
003257008,A Noble Wife. A novel
003344033,The Child World. [In verse.] ... Illustrated by C. Robinson
003581310,Elementary Physical Geography
001514854,Saunterings in Florence. A new artistic and practical hand-book for English and American tourists. With one hundred illustrations and maps
002368499,The Household of Sir Thos. More. With an introduction by W. H. Hutton and ... illustrations by J. Jellicoe and H. Railton
000571275,"The Way about Herefordshire ... Written by C. Caldicott and illustrated by C. Caldicott and A. E. Caldicott. With a comprehensive county gazetteer, edited by A. Baines. (2nd edition.)"
001492267,La Cartographie de Madagascar
002933114,Love Triumphant. (Two ... tales.)
002299963,"The Orchid of Fô; or, a Tale from Burma. By S. C. M"
000528213,Colliery Working and Management ... With underground photographs and numerous other illustrations
002893249,Napoléon et son temps ... Ouvrage illustré ... Neuvième mille
000079514,"The Town and City of Waterbury, Connecticut, from the aboriginal period to the year eighteen hundred and ninety-five"
003973034,"Crystallography for Beginners. With an appendix on the use of the blowpipe and the determination of common minerals, etc. [With 3 tables of diagrams.]"
000603810,Les Députés du Pas-de-Calais à la Convention
000495563,[The Story of Africa and its Explorers. [With plates and maps.]]
002761042,"Pansies for Thoughts, culled from the garden of literature. [With coloured illustrations.]"
000079514,"The Town and City of Waterbury, Connecticut, from the aboriginal period to the year eighteen hundred and ninety-five"
003220840,Un Mois dans le grand-duché de Luxembourg. Notes d'un touriste
003057425,"Petroleum: a treatise on the geographical distribution and geological occurrence of petroleum and natural gas ... By B. Redwood, assisted by G. T. Holloway, and other contributors ... With maps, etc"
002581303,Onze Gouden Eeuw. De Republiek der Vereenigde Nederlanden in haar bloeitijd ... Geïllustreerd onder toezicht van J. H. W. Unger
003253482,"Jeanne d'Arc et la Normandie au XVme siècle. Illustrations, etc"
000492169,[A History of Nottinghamshire.]
002433861,Maxwell's Guide Book to the Stewartry of Kirkcudbright. Sixth edition
001240452,Die Hunnen im schweizerischen Eifischthale und ihre Nachkommen bis auf die heutige Zeit ... Mit vielen ... Illustrationen
003430223,"The Web of an old Weaver, etc"
002709073,The Barton House Conspiracy: a tale of 1886
000108005,By a Winding Path. [A novel.]
000489690,[A Treatise on Mine-surveying ... With ... diagrams.]
001316031,Fredensborg. Det danske Kongehus og dets Slægt. Med Bidrag af danske og fremmede Forfattere og Kunstnere
002293129,"The Student's Lyell. A manual of elementary geology. Edited by J. W. Judd. With ... illustrations, etc"
000108005,By a Winding Path. [A novel.]
003680239,Lessons in the New Geography for student and teacher ... Second edition revised
000369579,Anthony Blake's Experiment. [A novel. By Alice O'Brien.]
002433861,Maxwell's Guide Book to the Stewartry of Kirkcudbright. Sixth edition
002326048,"Kate Carnegie, etc"
003501199,[A Child's Garden of Verses ... Second edition.]
001644661,"Kulturgeschichte ... Vierte Auflage. Neu bearbeitet von M. von Brandt [and others], etc"
002136577,Miasto Lwów w okresie samorządu 1870-1895
002212432,"Tourist guide to the Lofoten Islands, Raftsund ... and through the most picturesque fjords to Tromsø, etc. (Reise-Handbuch für Reisen in Lofoten, etc.) Eng. and Ger"
000492169,[A History of Nottinghamshire.]
002415000,"The Struggle of the Nations. Egypt, Syria, and Assyria ... Edited by A. H. Sayce. Translated by M. L. McClure. With map ... and ... illustrations"
000034575,Sedbergh School Songs. Written and illustrated by R. St. J. Ainslie
003954016,"Gray Days and Gold ... New edition, revised, with illustrations"
000433665,"Le Grand siècle. Louis XIV. Les arts, les idées, etc. [With plates.]"
000528213,Colliery Working and Management ... With underground photographs and numerous other illustrations
003936726,"Lyrics of Lincoln's Inn, etc"
000523183,Le Saguenay et le bassin du Lac Saint-Jean. Ouvrage historique et descriptif. Troisième édition. [With plates.]
001168248,"Lecciones sobre la historia de la República Argentina, etc"
001554950,"Schleswig-Holstein meerumschlungen in Wort und Bild ... Herausgegeben von H. Haas, H. Krumm und F. Stoltenberg, etc"
000034575,Sedbergh School Songs. Written and illustrated by R. St. J. Ainslie
002368499,The Household of Sir Thos. More. With an introduction by W. H. Hutton and ... illustrations by J. Jellicoe and H. Railton
001704007,"Genom Sveriges Bygder. Skildringar af vårt land och folk ... Tredje upplagan, genomsedd och tillökad af J. P. Velander. Med 545 illustrationer"
002909582,"New Recitations for Infants and Babies, comprising lessons on animate nature, natural phenomena ... Arranged with suitable actions by A. Pickering"
003821062,"La Sicile. Impressions du présent et du passé, illustrées par l'auteur"
000603810,Les Députés du Pas-de-Calais à la Convention
001644661,"Kulturgeschichte ... Vierte Auflage. Neu bearbeitet von M. von Brandt [and others], etc"
002933114,Love Triumphant. (Two ... tales.)
003257008,A Noble Wife. A novel
001910294,The Growth of the American Nation
000376211,Lyon Pittoresque ... Avec une préface de M. Coste-Labaume. Illustré ... par J. Drevet
002293129,"The Student's Lyell. A manual of elementary geology. Edited by J. W. Judd. With ... illustrations, etc"
002054014,Geschichte der Stadt Konstanz und ihrer nächsten Umgebung
003257008,A Noble Wife. A novel
002293129,"The Student's Lyell. A manual of elementary geology. Edited by J. W. Judd. With ... illustrations, etc"
003916676,Lady Levallion. [A tale.]
000433666,The Century of Louis XIV. Its arts-its ideas. From the French ... by Mrs. Cashel Hoey. [With plates.]
003253482,"Jeanne d'Arc et la Normandie au XVme siècle. Illustrations, etc"
000369579,Anthony Blake's Experiment. [A novel. By Alice O'Brien.]
002368499,The Household of Sir Thos. More. With an introduction by W. H. Hutton and ... illustrations by J. Jellicoe and H. Railton
002580837,Senlis et ses environs
001554950,"Schleswig-Holstein meerumschlungen in Wort und Bild ... Herausgegeben von H. Haas, H. Krumm und F. Stoltenberg, etc"
003581310,Elementary Physical Geography
001514854,Saunterings in Florence. A new artistic and practical hand-book for English and American tourists. With one hundred illustrations and maps
001704007,"Genom Sveriges Bygder. Skildringar af vårt land och folk ... Tredje upplagan, genomsedd och tillökad af J. P. Velander. Med 545 illustrationer"
003092628,"Aluminium ... Third edition, revised and enlarged, etc"
001704007,"Genom Sveriges Bygder. Skildringar af vårt land och folk ... Tredje upplagan, genomsedd och tillökad af J. P. Velander. Med 545 illustrationer"
002293129,"The Student's Lyell. A manual of elementary geology. Edited by J. W. Judd. With ... illustrations, etc"
000360602,"The Brighton Chain Pier: in memoriam. Its history from 1823 to 1896, with a biographical notice of Sir Samuel Brown, its designer and constructor, etc. [With plates.]"
003876162,From the Black Sea through Persia and India ... Illustrated by the author
003485095,Never Give In. A tale of the life and times of Gustavus Adolphus
003138574,A honfoglalás története ... Két térképpel
000433665,"Le Grand siècle. Louis XIV. Les arts, les idées, etc. [With plates.]"
001833685,"Robert Burns in Other Tongues. A critical review of the translations of the songs & poems of Robert Burns. [With selections from various translations, and portraits.]"
001567835,"The Half Hour Library of Travel, Nature and Science for young readers"
002581303,Onze Gouden Eeuw. De Republiek der Vereenigde Nederlanden in haar bloeitijd ... Geïllustreerd onder toezicht van J. H. W. Unger
002129382,"Letters from India and Ceylon, including the Manchester of India, the Indian Dundee, and Calcutta jute mills ... 1895-96. Reprinted from the “Dundee Advertiser.”"
003973034,"Crystallography for Beginners. With an appendix on the use of the blowpipe and the determination of common minerals, etc. [With 3 tables of diagrams.]"
000841065,"Book of Word & Music of Humorous Songs, Burlesque Sketches, & Recitals. [With a portrait.]"
000209253,Battles and Battlefields in England ... Illustrated by the author. With an introduction by H. D. Traill
002293129,"The Student's Lyell. A manual of elementary geology. Edited by J. W. Judd. With ... illustrations, etc"
002390843,Captain Marryat's Novels. “The King's Own” edition. [Introduction to each volume by W. L. Courtney. With illustrations.] L.P
003166185,An Unconventional Girl. [A novel.]
002983354,A Mask and a Martyr. [A novel.]
000204744,Behind the Great Wall ... With ... illustrations
001970021,Westward Ho! ... With illustrations by C. E. Brock
003954016,"Gray Days and Gold ... New edition, revised, with illustrations"
000749400,"[Windsor Castle. Official and authorized royal guide ... Illustrated, etc.]"
001554950,"Schleswig-Holstein meerumschlungen in Wort und Bild ... Herausgegeben von H. Haas, H. Krumm und F. Stoltenberg, etc"
003180149,"Djin-Djin, the Japanese Bogie Man, etc. (Christmas pantomime.)"
003055009,"Paraguay. Capítulos entresacados de la Nueva Geografía Universal ... Prólogo, traducción y notas por R. de Olascoaga, etc"
002438937,Mayville. An Anglo-French Pleasaunce: its attractions and aims. Illustrations by Phil May
002494922,Rambles round Edge Hills and in the Vale of the Red Horse. [With plates and a map.]
001384296,"[Outlines of Geology ... Second edition revised, etc.]"
003973034,"Crystallography for Beginners. With an appendix on the use of the blowpipe and the determination of common minerals, etc. [With 3 tables of diagrams.]"
000976404,The Bloom of Faded Years. [A novel.]
002486743,The Official Guide to the Midland Railway ... Abridged and popular edition. Illustrated
001514854,Saunterings in Florence. A new artistic and practical hand-book for English and American tourists. With one hundred illustrations and maps
003537490,The Poems of Sir John Suckling. (Edited by John Gray and decorated by C. Ricketts.)
003581310,Elementary Physical Geography
001498391,"Arnold Inglehurst, the Preacher. A story of the Fen Country"
002903060,"A Treatise on Ore Deposits ... Second edition, rewritten and greatly enlarged by H. Louis, etc"
000760332,"History of Concord, New Hampshire, from the original grant in seventeen hundred and twenty-five to the opening of the twentieth century. Prepared under the supervision of the City History Commission. James O. Lyford, editor"
003537490,The Poems of Sir John Suckling. (Edited by John Gray and decorated by C. Ricketts.)
003055009,"Paraguay. Capítulos entresacados de la Nueva Geografía Universal ... Prólogo, traducción y notas por R. de Olascoaga, etc"
000138105,"Les Fiefs du Bourbonnais. La Palisse, etc. (Moulins, rive droite de l'Allier.)"
001541639,"General History of Civilization in Europe. Edited, with ... notes, by G. W. Knight"
001644661,"Kulturgeschichte ... Vierte Auflage. Neu bearbeitet von M. von Brandt [and others], etc"
002784658,Notes in Japan ... With illustrations by the author
002438937,Mayville. An Anglo-French Pleasaunce: its attractions and aims. Illustrations by Phil May
003775837,"У Болгаръ и заграницей, 1881-1893 ... Продолженіе очерковъ “Дома и на Войнѣ” ... Изданіе второе"
001498391,"Arnold Inglehurst, the Preacher. A story of the Fen Country"
001656304,"[The Bravest of the Brave: or, With Peterborough in Spain. ... With ... illustrations, etc.]"
001638031,"Die Erde. Eine allgemeine Erd- und Länderkunde, etc"
002129135,"Aus den Alpen ... Illustriert, etc"
001554950,"Schleswig-Holstein meerumschlungen in Wort und Bild ... Herausgegeben von H. Haas, H. Krumm und F. Stoltenberg, etc"
002676588,"[The Official Guide to the Norwich Castle Museum, with an account of its origin & progress. By Thomas Southwell ... Also an historical account of the castle keep by Rev. Wm. Hudson ... and a guide to the collection of pictures ... by G. C. Eaton, etc. [With plates.]]"
000184181,Chronicles of the Royal Borough of Woodstock. Compiled from the Borough records and other original documents. [With illustrations.]
001200964,"Musa Pedestris: three centuries of canting songs and slang rhymes, etc"
001980788,"Székelyföld, etc"
002784658,Notes in Japan ... With illustrations by the author
000495563,[The Story of Africa and its Explorers. [With plates and maps.]]
002256243,"From Manassas to Appomattox. Memoirs of the civil war in America ... Illustrated, etc"
002255597,Our Native Land: a picturesque ramble through the three kingdoms ... With 108 illustrations
002494320,Kurze Erklärung der Weltkarte des Frauenklosters Ebstorf
000976404,The Bloom of Faded Years. [A novel.]
001384296,"[Outlines of Geology ... Second edition revised, etc.]"
000209253,Battles and Battlefields in England ... Illustrated by the author. With an introduction by H. D. Traill
003829292,La France aux colonies
003430223,"The Web of an old Weaver, etc"
003004249,Селенгинская Даурія. Очерки забайкальскаго края ... Съ 10 рис. и ... картой Забайкалья
001506051,"Brixham, in Devonia. Illustrated guide, with historical and descriptive sketch, and handbook to Torbay and the neighbourhood, etc"
001316031,Fredensborg. Det danske Kongehus og dets Slægt. Med Bidrag af danske og fremmede Forfattere og Kunstnere
001554950,"Schleswig-Holstein meerumschlungen in Wort und Bild ... Herausgegeben von H. Haas, H. Krumm und F. Stoltenberg, etc"
000433881,"Recherches sur Fontainebleau. Précédées d'un portrait de l'auteur et d'un manuscrit inédit de N. de Fer, 1699. [Articles reprinted from the “Abeille de Fontainebleau,” edited by Maurice Bourges.]"
002686114,"Chez les Abarambos. Ce que devient l'Afrique mystérieuse, etc"
001308646,Nama und Damara. Deutsch Süd-West-Afrika
000433666,The Century of Louis XIV. Its arts-its ideas. From the French ... by Mrs. Cashel Hoey. [With plates.]
001762619,Lord Hever. A novel
003057425,"Petroleum: a treatise on the geographical distribution and geological occurrence of petroleum and natural gas ... By B. Redwood, assisted by G. T. Holloway, and other contributors ... With maps, etc"
003973034,"Crystallography for Beginners. With an appendix on the use of the blowpipe and the determination of common minerals, etc. [With 3 tables of diagrams.]"
001910294,The Growth of the American Nation
002415000,"The Struggle of the Nations. Egypt, Syria, and Assyria ... Edited by A. H. Sayce. Translated by M. L. McClure. With map ... and ... illustrations"
000571275,"The Way about Herefordshire ... Written by C. Caldicott and illustrated by C. Caldicott and A. E. Caldicott. With a comprehensive county gazetteer, edited by A. Baines. (2nd edition.)"
002293129,"The Student's Lyell. A manual of elementary geology. Edited by J. W. Judd. With ... illustrations, etc"
002486743,The Official Guide to the Midland Railway ... Abridged and popular edition. Illustrated
001704007,"Genom Sveriges Bygder. Skildringar af vårt land och folk ... Tredje upplagan, genomsedd och tillökad af J. P. Velander. Med 545 illustrationer"
002736641,"West Dene Manor, etc. [A story.]"
001279315,"Description géologique du Caucase central. (Thèse, etc.)"
002300886,"A Book of Old English Ballads. With an accompaniment of decorative drawings by G. W. Edwards, and an introduction by H. W. Mabie"
003253482,"Jeanne d'Arc et la Normandie au XVme siècle. Illustrations, etc"
003605161,Ballads and Songs ... With original illustrations by H. M. Brock
002300886,"A Book of Old English Ballads. With an accompaniment of decorative drawings by G. W. Edwards, and an introduction by H. W. Mabie"
002535623,La vie des boulevards ... Dessins en couleurs par P. Vidal
003501199,[A Child's Garden of Verses ... Second edition.]
001910294,The Growth of the American Nation
002159900,Wensleydale and Swaledale Guide ... Illustrated
000115982,"[Old Caleb's Will: or, the Fortunes of the Cardew family.]"
000209253,Battles and Battlefields in England ... Illustrated by the author. With an introduction by H. D. Traill
002491871,"Personal Recollections and Observations of General Nelson A. Miles, embracing a brief view of the civil war ... and the story of his Indian campaigns ... Copiously illustrated ... by F. Remington, etc"
001745619,A History of Rome to the death of Cæsar
003775837,"У Болгаръ и заграницей, 1881-1893 ... Продолженіе очерковъ “Дома и на Войнѣ” ... Изданіе второе"
000433665,"Le Grand siècle. Louis XIV. Les arts, les idées, etc. [With plates.]"
003057425,"Petroleum: a treatise on the geographical distribution and geological occurrence of petroleum and natural gas ... By B. Redwood, assisted by G. T. Holloway, and other contributors ... With maps, etc"
000015282,The Growth of the French Nation
000209253,Battles and Battlefields in England ... Illustrated by the author. With an introduction by H. D. Traill
001820978,The Alhambra ... With an introduction by E. R. Pennell. Illustrated with drawings of the places mentioned by J. Pennell
001567835,"The Half Hour Library of Travel, Nature and Science for young readers"
002736641,"West Dene Manor, etc. [A story.]"
001704007,"Genom Sveriges Bygder. Skildringar af vårt land och folk ... Tredje upplagan, genomsedd och tillökad af J. P. Velander. Med 545 illustrationer"
003210214,"Records of Rowington, being extracts from the deeds in possession of the feoffees of the Rowington charities, with notes from the parish chest ... and appendix of MSS. from the British Museum, etc"
001704007,"Genom Sveriges Bygder. Skildringar af vårt land och folk ... Tredje upplagan, genomsedd och tillökad af J. P. Velander. Med 545 illustrationer"
002390844,The Novels of Captain Marryat. Edited by R. Brimley Johnson. L.P
001704007,"Genom Sveriges Bygder. Skildringar af vårt land och folk ... Tredje upplagan, genomsedd och tillökad af J. P. Velander. Med 545 illustrationer"
003646126,"Die Kaiserproklamation in Versailles am 18. Januar 1871, etc. (Zum Jahrestage der Kaiserproklamation. Nachträge, etc.)"
000079514,"The Town and City of Waterbury, Connecticut, from the aboriginal period to the year eighteen hundred and ninety-five"
002333337,"In the Volcanic Eifel. A holiday ramble ... With ... illustrations by T. R. Macquoid, and ... maps"
002415000,"The Struggle of the Nations. Egypt, Syria, and Assyria ... Edited by A. H. Sayce. Translated by M. L. McClure. With map ... and ... illustrations"
000371673,"Taking a Stand, etc"
002535575,Les Châteaux suisses. Anciennes anecdotes et chroniques. Nouvelle édition. Illustrations de H. Van Muyden. [With a portrait.]
